[2026-08-05T17:15:22Z] probe start; /dev/vda1       1.3T  366G  815G  31% /
generating datasets-probe/probe-chunk-01.bin (10G random)
generating datasets-probe/probe-chunk-02.bin (10G random)
generating datasets-probe/probe-chunk-03.bin (10G random)
generating datasets-probe/probe-chunk-04.bin (10G random)
generating datasets-probe/probe-chunk-05.bin (10G random)
generating datasets-probe/probe-chunk-06.bin (10G random)
generating datasets-probe/probe-chunk-07.bin (10G random)
generating datasets-probe/probe-chunk-08.bin (10G random)
generating datasets-probe/probe-chunk-09.bin (10G random)
generating datasets-probe/probe-chunk-10.bin (10G random)
generating datasets-probe/probe-chunk-11.bin (10G random)
generating datasets-probe/probe-chunk-12.bin (10G random)
wrote images/probe/synthetic/Dockerfile.generated (12 COPY lines)
[2026-08-05T17:19:46Z] chunks done; /dev/vda1       1.3T  486G  695G  42% /
#0 building with "default" instance using docker driver

#1 [internal] load build definition from Dockerfile.generated
#1 transferring dockerfile: 759B done
#1 DONE 0.0s

#2 resolve image config for docker-image://docker.io/docker/dockerfile:1
#2 DONE 0.3s

#3 docker-image://docker.io/docker/dockerfile:1@sha256:87999aa3d42bdc6bea60565083ee17e86d1f3339802f543c0d03998580f9cb89
#3 resolve docker.io/docker/dockerfile:1@sha256:87999aa3d42bdc6bea60565083ee17e86d1f3339802f543c0d03998580f9cb89 0.0s done
#3 CACHED

#4 [context datasets] load .dockerignore
#4 transferring datasets: 2B done
#4 DONE 0.0s

#5 [internal] load metadata for docker.io/library/busybox:latest
#5 DONE 0.2s

#6 [internal] load .dockerignore
#6 transferring context: 2B done
#6 DONE 0.0s

#7 [stage-0  1/13] FROM docker.io/library/busybox:latest@sha256:dc2d74b28e4cf8984fa52af1f39bc7c3d9c73760b41a74d629f5d11b1ab28616
#7 resolve docker.io/library/busybox:latest@sha256:dc2d74b28e4cf8984fa52af1f39bc7c3d9c73760b41a74d629f5d11b1ab28616 0.0s done
#7 CACHED

#8 [context datasets] load from client
#8 transferring datasets: 133.32MB 1.7s
#8 ...

#9 [context datasets] load from client
#9 ...

#8 [context datasets] load from client
#8 transferring datasets: 484.24MB 6.7s
#8 ...

#10 [context datasets] load from client
#10 ...

#11 [context datasets] load from client
#11 ...

#12 [context datasets] load from client
#12 ...

#13 [context datasets] load from client
#13 ...

#14 [context datasets] load from client
#14 ...

#15 [context datasets] load from client
#15 ...

#16 [context datasets] load from client
#16 ...

#17 [context datasets] load from client
#17 ...

#18 [context datasets] load from client
#18 ...

#19 [context datasets] load from client
#19 ...

#18 [context datasets] load from client
#18 transferring datasets: 361.66MB 11.5s
#18 ...

#9 [context datasets] load from client
#9 ...

#18 [context datasets] load from client
#18 transferring datasets: 503.87MB 16.5s
#18 ...

#8 [context datasets] load from client
#8 ...

#10 [context datasets] load from client
#10 ...

#11 [context datasets] load from client
#11 ...

#12 [context datasets] load from client
#12 ...

#14 [context datasets] load from client
#14 ...

#13 [context datasets] load from client
#13 ...

#15 [context datasets] load from client
#15 ...

#16 [context datasets] load from client
#16 ...

#17 [context datasets] load from client
#17 ...

#19 [context datasets] load from client
#19 ...

#17 [context datasets] load from client
#17 transferring datasets: 647.52MB 21.8s
#17 ...

#9 [context datasets] load from client
#9 ...

#17 [context datasets] load from client
#17 transferring datasets: 782.09MB 26.8s
#17 ...

#18 [context datasets] load from client
#18 ...

#17 [context datasets] load from client
#17 ...

#10 [context datasets] load from client
#10 ...

#11 [context datasets] load from client
#11 ...

#8 [context datasets] load from client
#8 ...

#12 [context datasets] load from client
#12 ...

#13 [context datasets] load from client
#13 ...

#15 [context datasets] load from client
#15 ...

#14 [context datasets] load from client
#14 ...

#16 [context datasets] load from client
#16 ...

#19 [context datasets] load from client
#19 ...

#16 [context datasets] load from client
#16 transferring datasets: 922.10MB 31.9s
#16 ...

#9 [context datasets] load from client
#9 ...

#15 [context datasets] load from client
#15 ...

#9 [context datasets] load from client
#9 transferring datasets: 1.05GB 36.9s
#9 ...

#18 [context datasets] load from client
#18 ...

#17 [context datasets] load from client
#17 ...

#10 [context datasets] load from client
#10 ...

#11 [context datasets] load from client
#11 ...

#10 [context datasets] load from client
#10 ...

#8 [context datasets] load from client
#8 ...

#13 [context datasets] load from client
#13 ...

#12 [context datasets] load from client
#12 ...

#14 [context datasets] load from client
#14 ...

#11 [context datasets] load from client
#11 ...

#19 [context datasets] load from client
#19 ...

#11 [context datasets] load from client
#11 transferring datasets: 1.20GB 42.1s
#11 ...

#19 [context datasets] load from client
#19 ...

#16 [context datasets] load from client
#16 ...

#15 [context datasets] load from client
#15 ...

#19 [context datasets] load from client
#19 transferring datasets: 1.32GB 47.0s
#19 ...

#9 [context datasets] load from client
#9 ...

#18 [context datasets] load from client
#18 ...

#17 [context datasets] load from client
#17 ...

#19 [context datasets] load from client
#19 ...

#10 [context datasets] load from client
#10 ...

#8 [context datasets] load from client
#8 ...

#13 [context datasets] load from client
#13 ...

#12 [context datasets] load from client
#12 ...

#14 [context datasets] load from client
#14 ...

#13 [context datasets] load from client
#13 transferring datasets: 1.45GB 52.2s
#13 ...

#18 [context datasets] load from client
#18 ...

#13 [context datasets] load from client
#13 ...

#11 [context datasets] load from client
#11 ...

#16 [context datasets] load from client
#16 ...

#13 [context datasets] load from client
#13 ...

#15 [context datasets] load from client
#15 ...

#16 [context datasets] load from client
#16 transferring datasets: 1.58GB 57.3s
#16 ...

#9 [context datasets] load from client
#9 ...

#16 [context datasets] load from client
#16 ...

#17 [context datasets] load from client
#17 ...

#16 [context datasets] load from client
#16 ...

#19 [context datasets] load from client
#19 ...

#10 [context datasets] load from client
#10 ...

#8 [context datasets] load from client
#8 ...

#10 [context datasets] load from client
#10 ...

#12 [context datasets] load from client
#12 ...

#14 [context datasets] load from client
#14 ...

#12 [context datasets] load from client
#12 transferring datasets: 1.70GB 62.3s
#12 ...

#18 [context datasets] load from client
#18 ...

#11 [context datasets] load from client
#11 ...

#18 [context datasets] load from client
#18 ...

#13 [context datasets] load from client
#13 ...

#15 [context datasets] load from client
#15 transferring datasets: 1.82GB 67.4s
#15 ...

#13 [context datasets] load from client
#13 ...

#9 [context datasets] load from client
#9 ...

#13 [context datasets] load from client
#13 ...

#17 [context datasets] load from client
#17 ...

#9 [context datasets] load from client
#9 ...

#16 [context datasets] load from client
#16 ...

#19 [context datasets] load from client
#19 ...

#9 [context datasets] load from client
#9 ...

#8 [context datasets] load from client
#8 ...

#10 [context datasets] load from client
#10 ...

#14 [context datasets] load from client
#14 ...

#10 [context datasets] load from client
#10 transferring datasets: 1.96GB 72.9s
#10 ...

#12 [context datasets] load from client
#12 ...

#10 [context datasets] load from client
#10 ...

#11 [context datasets] load from client
#11 ...

#18 [context datasets] load from client
#18 ...

#10 [context datasets] load from client
#10 ...

#15 [context datasets] load from client
#15 ...

#10 [context datasets] load from client
#10 transferring datasets: 2.09GB 77.9s
#10 ...

#13 [context datasets] load from client
#13 ...

#17 [context datasets] load from client
#17 ...

#13 [context datasets] load from client
#13 ...

#19 [context datasets] load from client
#19 ...

#16 [context datasets] load from client
#16 ...

#9 [context datasets] load from client
#9 ...

#8 [context datasets] load from client
#8 ...

#16 [context datasets] load from client
#16 ...

#14 [context datasets] load from client
#14 ...

#16 [context datasets] load from client
#16 transferring datasets: 2.21GB 83.0s
#16 ...

#12 [context datasets] load from client
#12 ...

#16 [context datasets] load from client
#16 ...

#11 [context datasets] load from client
#11 ...

#18 [context datasets] load from client
#18 ...

#11 [context datasets] load from client
#11 ...

#15 [context datasets] load from client
#15 ...

#11 [context datasets] load from client
#11 transferring datasets: 2.34GB 88.1s
#11 ...

#10 [context datasets] load from client
#10 ...

#11 [context datasets] load from client
#11 ...

#13 [context datasets] load from client
#13 ...

#17 [context datasets] load from client
#17 ...

#19 [context datasets] load from client
#19 ...

#17 [context datasets] load from client
#17 ...

#8 [context datasets] load from client
#8 ...

#9 [context datasets] load from client
#9 ...

#14 [context datasets] load from client
#14 ...

#8 [context datasets] load from client
#8 transferring datasets: 2.95GB 93.3s
#8 ...

#12 [context datasets] load from client
#12 ...

#8 [context datasets] load from client
#8 ...

#16 [context datasets] load from client
#16 ...

#8 [context datasets] load from client
#8 ...

#18 [context datasets] load from client
#18 ...

#12 [context datasets] load from client
#12 ...

#15 [context datasets] load from client
#15 ...

#12 [context datasets] load from client
#12 transferring datasets: 2.58GB 98.1s
#12 ...

#10 [context datasets] load from client
#10 ...

#11 [context datasets] load from client
#11 ...

#13 [context datasets] load from client
#13 ...

#10 [context datasets] load from client
#10 ...

#19 [context datasets] load from client
#19 ...

#13 [context datasets] load from client
#13 ...

#17 [context datasets] load from client
#17 ...

#9 [context datasets] load from client
#9 ...

#17 [context datasets] load from client
#17 ...

#14 [context datasets] load from client
#14 ...

#17 [context datasets] load from client
#17 transferring datasets: 2.72GB 103.1s
#17 ...

#16 [context datasets] load from client
#16 ...

#8 [context datasets] load from client
#8 ...

#18 [context datasets] load from client
#18 ...

#17 [context datasets] load from client
#17 ...

#15 [context datasets] load from client
#15 transferring datasets: 2.75GB 108.2s
#15 ...

#17 [context datasets] load from client
#17 ...

#12 [context datasets] load from client
#12 ...

#11 [context datasets] load from client
#11 ...

#10 [context datasets] load from client
#10 ...

#19 [context datasets] load from client
#19 ...

#13 [context datasets] load from client
#13 ...

#9 [context datasets] load from client
#9 ...

#11 [context datasets] load from client
#11 ...

#14 [context datasets] load from client
#14 ...

#11 [context datasets] load from client
#11 transferring datasets: 2.80GB 113.4s
#11 ...

#16 [context datasets] load from client
#16 ...

#18 [context datasets] load from client
#18 ...

#8 [context datasets] load from client
#8 ...

#16 [context datasets] load from client
#16 transferring datasets: 2.82GB 118.4s
#16 ...

#15 [context datasets] load from client
#15 ...

#16 [context datasets] load from client
#16 ...

#17 [context datasets] load from client
#17 ...

#16 [context datasets] load from client
#16 ...

#12 [context datasets] load from client
#12 ...

#10 [context datasets] load from client
#10 ...

#19 [context datasets] load from client
#19 ...

#13 [context datasets] load from client
#13 ...

#12 [context datasets] load from client
#12 ...

#9 [context datasets] load from client
#9 ...

#14 [context datasets] load from client
#14 ...

#11 [context datasets] load from client
#11 ...

#14 [context datasets] load from client
#14 transferring datasets: 2.85GB 123.4s
#14 ...

#18 [context datasets] load from client
#18 ...

#8 [context datasets] load from client
#8 transferring datasets: 3.37GB 128.6s
#8 ...

#15 [context datasets] load from client
#15 ...

#14 [context datasets] load from client
#14 ...

#17 [context datasets] load from client
#17 ...

#14 [context datasets] load from client
#14 ...

#16 [context datasets] load from client
#16 ...

#10 [context datasets] load from client
#10 ...

#19 [context datasets] load from client
#19 ...

#13 [context datasets] load from client
#13 ...

#19 [context datasets] load from client
#19 ...

#9 [context datasets] load from client
#9 ...

#12 [context datasets] load from client
#12 transferring datasets: 2.90GB 133.4s
#12 ...

#11 [context datasets] load from client
#11 ...

#12 [context datasets] load from client
#12 ...

#18 [context datasets] load from client
#18 transferring datasets: 2.92GB 138.5s
#18 ...

#12 [context datasets] load from client
#12 ...

#15 [context datasets] load from client
#15 ...

#8 [context datasets] load from client
#8 ...

#18 [context datasets] load from client
#18 ...

#17 [context datasets] load from client
#17 ...

#18 [context datasets] load from client
#18 ...

#14 [context datasets] load from client
#14 ...

#10 [context datasets] load from client
#10 ...

#16 [context datasets] load from client
#16 ...

#10 [context datasets] load from client
#10 ...

#13 [context datasets] load from client
#13 ...

#17 [context datasets] load from client
#17 ...

#19 [context datasets] load from client
#19 ...

#17 [context datasets] load from client
#17 ...

#9 [context datasets] load from client
#9 ...

#17 [context datasets] load from client
#17 transferring datasets: 2.95GB 143.5s
#17 ...

#11 [context datasets] load from client
#11 ...

#16 [context datasets] load from client
#16 transferring datasets: 2.97GB 148.6s
#16 ...

#12 [context datasets] load from client
#12 ...

#15 [context datasets] load from client
#15 ...

#11 [context datasets] load from client
#11 ...

#12 [context datasets] load from client
#12 ...

#8 [context datasets] load from client
#8 ...

#12 [context datasets] load from client
#12 ...

#18 [context datasets] load from client
#18 ...

#14 [context datasets] load from client
#14 ...

#18 [context datasets] load from client
#18 ...

#13 [context datasets] load from client
#13 ...

#10 [context datasets] load from client
#10 ...

#13 [context datasets] load from client
#13 ...

#19 [context datasets] load from client
#19 ...

#9 [context datasets] load from client
#9 ...

#10 [context datasets] load from client
#10 ...

#17 [context datasets] load from client
#17 ...

#15 [context datasets] load from client
#15 transferring datasets: 2.97GB 153.9s
#15 ...

#10 [context datasets] load from client
#10 ...

#16 [context datasets] load from client
#16 ...

#17 [context datasets] load from client
#17 transferring datasets: 3.02GB 158.9s
#17 ...

#16 [context datasets] load from client
#16 ...

#11 [context datasets] load from client
#11 ...

#16 [context datasets] load from client
#16 ...

#8 [context datasets] load from client
#8 ...

#17 [context datasets] load from client
#17 ...

#12 [context datasets] load from client
#12 ...

#14 [context datasets] load from client
#14 ...

#8 [context datasets] load from client
#8 ...

#18 [context datasets] load from client
#18 ...

#19 [context datasets] load from client
#19 ...

#8 [context datasets] load from client
#8 ...

#13 [context datasets] load from client
#13 ...

#18 [context datasets] load from client
#18 ...

#9 [context datasets] load from client
#9 transferring datasets: 3.04GB 164.0s
#9 ...

#18 [context datasets] load from client
#18 ...

#15 [context datasets] load from client
#15 ...

#10 [context datasets] load from client
#10 ...

#18 [context datasets] load from client
#18 transferring datasets: 3.06GB 168.9s
#18 ...

#11 [context datasets] load from client
#11 ...

#16 [context datasets] load from client
#16 ...

#11 [context datasets] load from client
#11 ...

#17 [context datasets] load from client
#17 ...

#11 [context datasets] load from client
#11 ...

#14 [context datasets] load from client
#14 ...

#12 [context datasets] load from client
#12 ...

#11 [context datasets] load from client
#11 ...

#19 [context datasets] load from client
#19 ...

#17 [context datasets] load from client
#17 ...

#8 [context datasets] load from client
#8 ...

#13 [context datasets] load from client
#13 ...

#8 [context datasets] load from client
#8 transferring datasets: 3.58GB 174.3s
#8 ...

#9 [context datasets] load from client
#9 ...

#8 [context datasets] load from client
#8 ...

#10 [context datasets] load from client
#10 ...

#15 [context datasets] load from client
#15 ...

#11 [context datasets] load from client
#11 ...

#15 [context datasets] load from client
#15 transferring datasets: 3.09GB 179.1s
#15 ...

#18 [context datasets] load from client
#18 ...

#15 [context datasets] load from client
#15 ...

#16 [context datasets] load from client
#16 ...

#13 [context datasets] load from client
#13 ...

#16 [context datasets] load from client
#16 ...

#14 [context datasets] load from client
#14 ...

#12 [context datasets] load from client
#12 ...

#14 [context datasets] load from client
#14 ...

#19 [context datasets] load from client
#19 ...

#14 [context datasets] load from client
#14 ...

#17 [context datasets] load from client
#17 ...

#19 [context datasets] load from client
#19 transferring datasets: 3.12GB 184.3s
#19 ...

#9 [context datasets] load from client
#9 ...

#19 [context datasets] load from client
#19 ...

#8 [context datasets] load from client
#8 ...

#10 [context datasets] load from client
#10 ...

#8 [context datasets] load from client
#8 ...

#11 [context datasets] load from client
#11 ...

#8 [context datasets] load from client
#8 transferring datasets: 3.67GB 189.6s
#8 ...

#18 [context datasets] load from client
#18 ...

#10 [context datasets] load from client
#10 ...

#15 [context datasets] load from client
#15 ...

#10 [context datasets] load from client
#10 ...

#13 [context datasets] load from client
#13 ...

#9 [context datasets] load from client
#9 ...

#16 [context datasets] load from client
#16 ...

#9 [context datasets] load from client
#9 ...

#12 [context datasets] load from client
#12 ...

#14 [context datasets] load from client
#14 ...

#12 [context datasets] load from client
#12 ...

#17 [context datasets] load from client
#17 ...

#12 [context datasets] load from client
#12 transferring datasets: 3.19GB 194.5s
#12 ...

#19 [context datasets] load from client
#19 ...

#12 [context datasets] load from client
#12 ...

#11 [context datasets] load from client
#11 ...

#9 [context datasets] load from client
#9 ...

#11 [context datasets] load from client
#11 ...

#8 [context datasets] load from client
#8 transferring datasets: 3.72GB 200.0s
#8 ...

#12 [context datasets] load from client
#12 ...

#18 [context datasets] load from client
#18 ...

#12 [context datasets] load from client
#12 ...

#15 [context datasets] load from client
#15 ...

#10 [context datasets] load from client
#10 ...

#13 [context datasets] load from client
#13 ...

#10 [context datasets] load from client
#10 ...

#16 [context datasets] load from client
#16 ...

#10 [context datasets] load from client
#10 ...

#14 [context datasets] load from client
#14 ...

#10 [context datasets] load from client
#10 ...

#17 [context datasets] load from client
#17 ...

#10 [context datasets] load from client
#10 transferring datasets: 3.26GB 204.8s
#10 ...

#19 [context datasets] load from client
#19 ...

#10 [context datasets] load from client
#10 ...

#9 [context datasets] load from client
#9 ...

#10 [context datasets] load from client
#10 transferring datasets: 3.30GB 209.9s
#10 ...

#11 [context datasets] load from client
#11 ...

#8 [context datasets] load from client
#8 ...

#18 [context datasets] load from client
#18 ...

#8 [context datasets] load from client
#8 ...

#12 [context datasets] load from client
#12 ...

#14 [context datasets] load from client
#14 ...

#8 [context datasets] load from client
#8 ...

#15 [context datasets] load from client
#15 ...

#13 [context datasets] load from client
#13 ...

#15 [context datasets] load from client
#15 ...

#16 [context datasets] load from client
#16 ...

#14 [context datasets] load from client
#14 ...

#17 [context datasets] load from client
#17 ...

#14 [context datasets] load from client
#14 transferring datasets: 3.31GB 215.0s
#14 ...

#19 [context datasets] load from client
#19 ...

#14 [context datasets] load from client
#14 ...

#9 [context datasets] load from client
#9 ...

#14 [context datasets] load from client
#14 transferring datasets: 3.34GB 220.0s
#14 ...

#11 [context datasets] load from client
#11 ...

#10 [context datasets] load from client
#10 ...

#18 [context datasets] load from client
#18 ...

#10 [context datasets] load from client
#10 ...

#12 [context datasets] load from client
#12 ...

#8 [context datasets] load from client
#8 ...

#12 [context datasets] load from client
#12 ...

#13 [context datasets] load from client
#13 ...

#12 [context datasets] load from client
#12 ...

#15 [context datasets] load from client
#15 ...

#12 [context datasets] load from client
#12 ...

#16 [context datasets] load from client
#16 ...

#14 [context datasets] load from client
#14 ...

#17 [context datasets] load from client
#17 ...

#14 [context datasets] load from client
#14 transferring datasets: 3.37GB 225.0s
#14 ...

#19 [context datasets] load from client
#19 ...

#14 [context datasets] load from client
#14 ...

#9 [context datasets] load from client
#9 ...

#14 [context datasets] load from client
#14 transferring datasets: 3.42GB 230.1s
#14 ...

#11 [context datasets] load from client
#11 ...

#14 [context datasets] load from client
#14 ...

#18 [context datasets] load from client
#18 ...

#14 [context datasets] load from client
#14 ...

#10 [context datasets] load from client
#10 ...

#18 [context datasets] load from client
#18 ...

#8 [context datasets] load from client
#8 ...

#18 [context datasets] load from client
#18 ...

#13 [context datasets] load from client
#13 ...

#18 [context datasets] load from client
#18 ...

#15 [context datasets] load from client
#15 ...

#12 [context datasets] load from client
#12 ...

#15 [context datasets] load from client
#15 ...

#16 [context datasets] load from client
#16 ...

#15 [context datasets] load from client
#15 ...

#17 [context datasets] load from client
#17 ...

#15 [context datasets] load from client
#15 transferring datasets: 3.43GB 235.3s
#15 ...

#19 [context datasets] load from client
#19 ...

#9 [context datasets] load from client
#9 ...

#17 [context datasets] load from client
#17 ...

#19 [context datasets] load from client
#19 transferring datasets: 3.45GB 240.3s
#19 ...

#11 [context datasets] load from client
#11 ...

#17 [context datasets] load from client
#17 ...

#14 [context datasets] load from client
#14 ...

#10 [context datasets] load from client
#10 ...

#14 [context datasets] load from client
#14 ...

#8 [context datasets] load from client
#8 ...

#14 [context datasets] load from client
#14 ...

#13 [context datasets] load from client
#13 ...

#10 [context datasets] load from client
#10 ...

#12 [context datasets] load from client
#12 ...

#18 [context datasets] load from client
#18 ...

#12 [context datasets] load from client
#12 ...

#16 [context datasets] load from client
#16 ...

#12 [context datasets] load from client
#12 transferring datasets: 3.49GB 245.3s
#12 ...

#15 [context datasets] load from client
#15 ...

#17 [context datasets] load from client
#17 ...

#15 [context datasets] load from client
#15 ...

#9 [context datasets] load from client
#9 ...

#17 [context datasets] load from client
#17 transferring datasets: 3.52GB 250.5s
#17 ...

#19 [context datasets] load from client
#19 ...

#9 [context datasets] load from client
#9 ...

#11 [context datasets] load from client
#11 ...

#9 [context datasets] load from client
#9 ...

#8 [context datasets] load from client
#8 ...

#14 [context datasets] load from client
#14 ...

#8 [context datasets] load from client
#8 ...

#13 [context datasets] load from client
#13 ...

#8 [context datasets] load from client
#8 ...

#10 [context datasets] load from client
#10 ...

#8 [context datasets] load from client
#8 ...

#18 [context datasets] load from client
#18 ...

#10 [context datasets] load from client
#10 ...

#16 [context datasets] load from client
#16 ...

#10 [context datasets] load from client
#10 transferring datasets: 3.55GB 255.7s
#10 ...

#12 [context datasets] load from client
#12 ...

#10 [context datasets] load from client
#10 ...

#15 [context datasets] load from client
#15 ...

#10 [context datasets] load from client
#10 transferring datasets: 3.58GB 260.9s
#10 ...

#17 [context datasets] load from client
#17 ...

#19 [context datasets] load from client
#19 ...

#11 [context datasets] load from client
#11 ...

#10 [context datasets] load from client
#10 ...

#9 [context datasets] load from client
#9 ...

#10 [context datasets] load from client
#10 ...

#14 [context datasets] load from client
#14 ...

#13 [context datasets] load from client
#13 ...

#14 [context datasets] load from client
#14 ...

#8 [context datasets] load from client
#8 ...

#18 [context datasets] load from client
#18 ...

#8 [context datasets] load from client
#8 ...

#16 [context datasets] load from client
#16 ...

#18 [context datasets] load from client
#18 transferring datasets: 3.61GB 265.8s
#18 ...

#12 [context datasets] load from client
#12 ...

#18 [context datasets] load from client
#18 ...

#15 [context datasets] load from client
#15 ...

#8 [context datasets] load from client
#8 ...

#15 [context datasets] load from client
#15 transferring datasets: 3.63GB 270.9s
#15 ...

#17 [context datasets] load from client
#17 ...

#19 [context datasets] load from client
#19 ...

#11 [context datasets] load from client
#11 ...

#19 [context datasets] load from client
#19 ...

#9 [context datasets] load from client
#9 ...

#19 [context datasets] load from client
#19 ...

#10 [context datasets] load from client
#10 ...

#19 [context datasets] load from client
#19 ...

#13 [context datasets] load from client
#13 ...

#19 [context datasets] load from client
#19 ...

#14 [context datasets] load from client
#14 ...

#19 [context datasets] load from client
#19 ...

#16 [context datasets] load from client
#16 ...

#19 [context datasets] load from client
#19 transferring datasets: 3.67GB 276.1s
#19 ...

#12 [context datasets] load from client
#12 ...

#19 [context datasets] load from client
#19 ...

#18 [context datasets] load from client
#18 ...

#8 [context datasets] load from client
#8 ...

#18 [context datasets] load from client
#18 ...

#15 [context datasets] load from client
#15 transferring datasets: 3.70GB 281.1s
#15 ...

#17 [context datasets] load from client
#17 ...

#11 [context datasets] load from client
#11 ...

#17 [context datasets] load from client
#17 ...

#9 [context datasets] load from client
#9 ...

#17 [context datasets] load from client
#17 ...

#10 [context datasets] load from client
#10 ...

#17 [context datasets] load from client
#17 ...

#13 [context datasets] load from client
#13 ...

#17 [context datasets] load from client
#17 ...

#14 [context datasets] load from client
#14 ...

#17 [context datasets] load from client
#17 ...

#16 [context datasets] load from client
#16 ...

#17 [context datasets] load from client
#17 transferring datasets: 3.75GB 286.2s
#17 ...

#12 [context datasets] load from client
#12 ...

#16 [context datasets] load from client
#16 ...

#8 [context datasets] load from client
#8 ...

#16 [context datasets] load from client
#16 ...

#19 [context datasets] load from client
#19 ...

#18 [context datasets] load from client
#18 ...

#19 [context datasets] load from client
#19 transferring datasets: 3.74GB 291.3s
#19 ...

#15 [context datasets] load from client
#15 ...

#19 [context datasets] load from client
#19 ...

#11 [context datasets] load from client
#11 ...

#19 [context datasets] load from client
#19 ...

#9 [context datasets] load from client
#9 ...

#19 [context datasets] load from client
#19 ...

#10 [context datasets] load from client
#10 ...

#19 [context datasets] load from client
#19 ...

#13 [context datasets] load from client
#13 ...

#10 [context datasets] load from client
#10 ...

#14 [context datasets] load from client
#14 ...

#10 [context datasets] load from client
#10 transferring datasets: 3.79GB 296.5s
#10 ...

#17 [context datasets] load from client
#17 ...

#10 [context datasets] load from client
#10 ...

#12 [context datasets] load from client
#12 ...

#10 [context datasets] load from client
#10 ...

#8 [context datasets] load from client
#8 ...

#16 [context datasets] load from client
#16 ...

#18 [context datasets] load from client
#18 ...

#16 [context datasets] load from client
#16 ...

#15 [context datasets] load from client
#15 transferring datasets: 3.79GB 301.7s
#15 ...

#12 [context datasets] load from client
#12 ...

#11 [context datasets] load from client
#11 ...

#12 [context datasets] load from client
#12 ...

#9 [context datasets] load from client
#9 ...

#12 [context datasets] load from client
#12 ...

#19 [context datasets] load from client
#19 ...

#13 [context datasets] load from client
#13 ...

#12 [context datasets] load from client
#12 ...

#14 [context datasets] load from client
#14 ...

#12 [context datasets] load from client
#12 transferring datasets: 3.84GB 306.6s
#12 ...

#17 [context datasets] load from client
#17 ...

#12 [context datasets] load from client
#12 ...

#10 [context datasets] load from client
#10 ...

#8 [context datasets] load from client
#8 ...

#10 [context datasets] load from client
#10 ...

#18 [context datasets] load from client
#18 ...

#8 [context datasets] load from client
#8 ...

#16 [context datasets] load from client
#16 transferring datasets: 3.87GB 311.8s
#16 ...

#15 [context datasets] load from client
#15 ...

#16 [context datasets] load from client
#16 ...

#11 [context datasets] load from client
#11 ...

#16 [context datasets] load from client
#16 ...

#9 [context datasets] load from client
#9 ...

#16 [context datasets] load from client
#16 ...

#13 [context datasets] load from client
#13 ...

#19 [context datasets] load from client
#19 ...

#13 [context datasets] load from client
#13 ...

#14 [context datasets] load from client
#14 ...

#13 [context datasets] load from client
#13 transferring datasets: 3.91GB 316.9s
#13 ...

#17 [context datasets] load from client
#17 ...

#13 [context datasets] load from client
#13 ...

#12 [context datasets] load from client
#12 ...

#13 [context datasets] load from client
#13 ...

#10 [context datasets] load from client
#10 ...

#18 [context datasets] load from client
#18 ...

#10 [context datasets] load from client
#10 ...

#8 [context datasets] load from client
#8 transferring datasets: 4.43GB 322.1s
#8 ...

#15 [context datasets] load from client
#15 ...

#8 [context datasets] load from client
#8 ...

#11 [context datasets] load from client
#11 ...

#8 [context datasets] load from client
#8 ...

#9 [context datasets] load from client
#9 ...

#8 [context datasets] load from client
#8 ...

#16 [context datasets] load from client
#16 ...

#8 [context datasets] load from client
#8 ...

#19 [context datasets] load from client
#19 ...

#8 [context datasets] load from client
#8 ...

#14 [context datasets] load from client
#14 ...

#19 [context datasets] load from client
#19 transferring datasets: 3.95GB 326.8s
#19 ...

#17 [context datasets] load from client
#17 ...

#8 [context datasets] load from client
#8 ...

#17 [context datasets] load from client
#17 ...

#12 [context datasets] load from client
#12 ...

#17 [context datasets] load from client
#17 ...

#13 [context datasets] load from client
#13 ...

#14 [context datasets] load from client
#14 ...

#18 [context datasets] load from client
#18 ...

#14 [context datasets] load from client
#14 ...

#10 [context datasets] load from client
#10 transferring datasets: 3.99GB 332.0s
#10 ...

#18 [context datasets] load from client
#18 ...

#15 [context datasets] load from client
#15 ...

#14 [context datasets] load from client
#14 ...

#11 [context datasets] load from client
#11 ...

#15 [context datasets] load from client
#15 ...

#9 [context datasets] load from client
#9 ...

#15 [context datasets] load from client
#15 ...

#16 [context datasets] load from client
#16 ...

#15 [context datasets] load from client
#15 transferring datasets: 4.01GB 337.0s
#15 ...

#19 [context datasets] load from client
#19 ...

#15 [context datasets] load from client
#15 ...

#8 [context datasets] load from client
#8 ...

#15 [context datasets] load from client
#15 ...

#12 [context datasets] load from client
#12 ...

#15 [context datasets] load from client
#15 ...

#17 [context datasets] load from client
#17 ...

#13 [context datasets] load from client
#13 ...

#18 [context datasets] load from client
#18 ...

#13 [context datasets] load from client
#13 transferring datasets: 4.06GB 342.1s
#13 ...

#10 [context datasets] load from client
#10 ...

#15 [context datasets] load from client
#15 ...

#14 [context datasets] load from client
#14 ...

#11 [context datasets] load from client
#11 ...

#15 [context datasets] load from client
#15 ...

#9 [context datasets] load from client
#9 ...

#14 [context datasets] load from client
#14 ...

#16 [context datasets] load from client
#16 ...

#14 [context datasets] load from client
#14 transferring datasets: 4.07GB 347.2s
#14 ...

#19 [context datasets] load from client
#19 ...

#14 [context datasets] load from client
#14 ...

#8 [context datasets] load from client
#8 ...

#15 [context datasets] load from client
#15 ...

#8 [context datasets] load from client
#8 ...

#12 [context datasets] load from client
#12 ...

#15 [context datasets] load from client
#15 ...

#17 [context datasets] load from client
#17 ...

#18 [context datasets] load from client
#18 ...

#17 [context datasets] load from client
#17 ...

#13 [context datasets] load from client
#13 ...

#12 [context datasets] load from client
#12 transferring datasets: 4.10GB 352.1s
#12 ...

#10 [context datasets] load from client
#10 ...

#9 [context datasets] load from client
#9 ...

#13 [context datasets] load from client
#13 ...

#11 [context datasets] load from client
#11 ...

#10 [context datasets] load from client
#10 ...

#16 [context datasets] load from client
#16 ...

#10 [context datasets] load from client
#10 transferring datasets: 4.13GB 357.3s
#10 ...

#19 [context datasets] load from client
#19 ...

#10 [context datasets] load from client
#10 ...

#14 [context datasets] load from client
#14 ...

#10 [context datasets] load from client
#10 ...

#8 [context datasets] load from client
#8 ...

#19 [context datasets] load from client
#19 ...

#15 [context datasets] load from client
#15 ...

#19 [context datasets] load from client
#19 ...

#17 [context datasets] load from client
#17 ...

#18 [context datasets] load from client
#18 transferring datasets: 4.16GB 362.3s
#18 ...

#12 [context datasets] load from client
#12 ...

#11 [context datasets] load from client
#11 ...

#12 [context datasets] load from client
#12 ...

#9 [context datasets] load from client
#9 ...

#13 [context datasets] load from client
#13 ...

#16 [context datasets] load from client
#16 ...

#12 [context datasets] load from client
#12 transferring datasets: 4.19GB 367.5s
#12 ...

#9 [context datasets] load from client
#9 ...

#12 [context datasets] load from client
#12 ...

#14 [context datasets] load from client
#14 ...

#12 [context datasets] load from client
#12 ...

#8 [context datasets] load from client
#8 ...

#10 [context datasets] load from client
#10 ...

#8 [context datasets] load from client
#8 ...

#15 [context datasets] load from client
#15 ...

#8 [context datasets] load from client
#8 ...

#19 [context datasets] load from client
#19 ...

#17 [context datasets] load from client
#17 transferring datasets: 4.22GB 372.6s
#17 ...

#11 [context datasets] load from client
#11 ...

#18 [context datasets] load from client
#18 ...

#16 [context datasets] load from client
#16 ...

#13 [context datasets] load from client
#13 ...

#17 [context datasets] load from client
#17 transferring datasets: 4.24GB 377.8s
#17 ...

#9 [context datasets] load from client
#9 ...

#13 [context datasets] load from client
#13 ...

#9 [context datasets] load from client
#9 ...

#14 [context datasets] load from client
#14 ...

#13 [context datasets] load from client
#13 ...

#12 [context datasets] load from client
#12 ...

#13 [context datasets] load from client
#13 ...

#10 [context datasets] load from client
#10 ...

#15 [context datasets] load from client
#15 ...

#8 [context datasets] load from client
#8 ...

#12 [context datasets] load from client
#12 ...

#19 [context datasets] load from client
#19 ...

#8 [context datasets] load from client
#8 transferring datasets: 4.74GB 383.1s
#8 ...

#11 [context datasets] load from client
#11 ...

#18 [context datasets] load from client
#18 ...

#16 [context datasets] load from client
#16 ...

#11 [context datasets] load from client
#11 transferring datasets: 4.30GB 388.0s
#11 ...

#17 [context datasets] load from client
#17 ...

#18 [context datasets] load from client
#18 ...

#9 [context datasets] load from client
#9 ...

#14 [context datasets] load from client
#14 ...

#9 [context datasets] load from client
#9 ...

#13 [context datasets] load from client
#13 ...

#10 [context datasets] load from client
#10 ...

#15 [context datasets] load from client
#15 ...

#10 [context datasets] load from client
#10 ...

#12 [context datasets] load from client
#12 ...

#19 [context datasets] load from client
#19 ...

#13 [context datasets] load from client
#13 transferring datasets: 4.32GB 393.0s
#13 ...

#8 [context datasets] load from client
#8 ...

#19 [context datasets] load from client
#19 ...

#16 [context datasets] load from client
#16 ...

#8 [context datasets] load from client
#8 transferring datasets: 4.82GB 398.3s
#8 ...

#11 [context datasets] load from client
#11 ...

#8 [context datasets] load from client
#8 ...

#17 [context datasets] load from client
#17 ...

#8 [context datasets] load from client
#8 ...

#18 [context datasets] load from client
#18 ...

#8 [context datasets] load from client
#8 ...

#14 [context datasets] load from client
#14 ...

#18 [context datasets] load from client
#18 ...

#9 [context datasets] load from client
#9 ...

#8 [context datasets] load from client
#8 ...

#15 [context datasets] load from client
#15 ...

#8 [context datasets] load from client
#8 ...

#10 [context datasets] load from client
#10 transferring datasets: 4.39GB 403.1s
#10 ...

#12 [context datasets] load from client
#12 ...

#8 [context datasets] load from client
#8 ...

#13 [context datasets] load from client
#13 ...

#8 [context datasets] load from client
#8 ...

#19 [context datasets] load from client
#19 ...

#16 [context datasets] load from client
#16 ...

#8 [context datasets] load from client
#8 transferring datasets: 4.91GB 408.3s
#8 ...

#11 [context datasets] load from client
#11 ...

#10 [context datasets] load from client
#10 ...

#17 [context datasets] load from client
#17 ...

#9 [context datasets] load from client
#9 ...

#17 [context datasets] load from client
#17 ...

#14 [context datasets] load from client
#14 ...

#17 [context datasets] load from client
#17 ...

#18 [context datasets] load from client
#18 ...

#16 [context datasets] load from client
#16 ...

#18 [context datasets] load from client
#18 ...

#15 [context datasets] load from client
#15 ...

#19 [context datasets] load from client
#19 transferring datasets: 4.43GB 413.1s
#19 ...

#18 [context datasets] load from client
#18 ...

#12 [context datasets] load from client
#12 ...

#18 [context datasets] load from client
#18 ...

#13 [context datasets] load from client
#13 ...

#18 [context datasets] load from client
#18 transferring datasets: 4.47GB 418.1s
#18 ...

#8 [context datasets] load from client
#8 ...

#10 [context datasets] load from client
#10 ...

#11 [context datasets] load from client
#11 ...

#9 [context datasets] load from client
#9 ...

#11 [context datasets] load from client
#11 ...

#14 [context datasets] load from client
#14 ...

#11 [context datasets] load from client
#11 ...

#17 [context datasets] load from client
#17 ...

#14 [context datasets] load from client
#14 ...

#16 [context datasets] load from client
#16 ...

#14 [context datasets] load from client
#14 transferring datasets: 4.49GB 423.2s
#14 ...

#15 [context datasets] load from client
#15 ...

#19 [context datasets] load from client
#19 ...

#12 [context datasets] load from client
#12 ...

#15 [context datasets] load from client
#15 ...

#13 [context datasets] load from client
#13 ...

#12 [context datasets] load from client
#12 transferring datasets: 4.53GB 428.2s
#12 ...

#15 [context datasets] load from client
#15 ...

#8 [context datasets] load from client
#8 ...

#18 [context datasets] load from client
#18 ...

#10 [context datasets] load from client
#10 ...

#9 [context datasets] load from client
#9 ...

#12 [context datasets] load from client
#12 ...

#11 [context datasets] load from client
#11 ...

#15 [context datasets] load from client
#15 ...

#17 [context datasets] load from client
#17 ...

#12 [context datasets] load from client
#12 transferring datasets: 4.55GB 433.2s
#12 ...

#16 [context datasets] load from client
#16 ...

#14 [context datasets] load from client
#14 ...

#16 [context datasets] load from client
#16 ...

#19 [context datasets] load from client
#19 ...

#9 [context datasets] load from client
#9 ...

#13 [context datasets] load from client
#13 ...

#10 [context datasets] load from client
#10 ...

#13 [context datasets] load from client
#13 transferring datasets: 4.56GB 438.5s
#13 ...

#8 [context datasets] load from client
#8 ...

#13 [context datasets] load from client
#13 ...

#18 [context datasets] load from client
#18 ...

#8 [context datasets] load from client
#8 ...

#11 [context datasets] load from client
#11 ...

#8 [context datasets] load from client
#8 ...

#17 [context datasets] load from client
#17 ...

#15 [context datasets] load from client
#15 ...

#13 [context datasets] load from client
#13 ...

#14 [context datasets] load from client
#14 transferring datasets: 4.59GB 443.7s
#14 ...

#12 [context datasets] load from client
#12 ...

#16 [context datasets] load from client
#16 ...

#19 [context datasets] load from client
#19 ...

#16 [context datasets] load from client
#16 ...

#9 [context datasets] load from client
#9 ...

#10 [context datasets] load from client
#10 ...

#19 [context datasets] load from client
#19 transferring datasets: 4.59GB 448.7s
#19 ...

#18 [context datasets] load from client
#18 ...

#19 [context datasets] load from client
#19 ...

#11 [context datasets] load from client
#11 ...

#8 [context datasets] load from client
#8 ...

#17 [context datasets] load from client
#17 ...

#8 [context datasets] load from client
#8 ...

#14 [context datasets] load from client
#14 transferring datasets: 4.65GB 453.8s
#14 ...

#13 [context datasets] load from client
#13 ...

#12 [context datasets] load from client
#12 ...

#15 [context datasets] load from client
#15 ...

#12 [context datasets] load from client
#12 ...

#16 [context datasets] load from client
#16 ...

#10 [context datasets] load from client
#10 ...

#9 [context datasets] load from client
#9 ...

#16 [context datasets] load from client
#16 transferring datasets: 4.74GB 458.9s
#16 ...

#17 [context datasets] load from client
#17 ...

#16 [context datasets] load from client
#16 ...

#18 [context datasets] load from client
#18 ...

#16 [context datasets] load from client
#16 ...

#19 [context datasets] load from client
#19 ...

#16 [context datasets] load from client
#16 ...

#11 [context datasets] load from client
#11 ...

#19 [context datasets] load from client
#19 transferring datasets: 4.71GB 463.8s
#19 ...

#8 [context datasets] load from client
#8 ...

#14 [context datasets] load from client
#14 ...

#13 [context datasets] load from client
#13 ...

#14 [context datasets] load from client
#14 ...

#15 [context datasets] load from client
#15 ...

#12 [context datasets] load from client
#12 ...

#15 [context datasets] load from client
#15 ...

#10 [context datasets] load from client
#10 ...

#9 [context datasets] load from client
#9 ...

#10 [context datasets] load from client
#10 transferring datasets: 4.77GB 469.3s
#10 ...

#17 [context datasets] load from client
#17 ...

#10 [context datasets] load from client
#10 ...

#18 [context datasets] load from client
#18 ...

#10 [context datasets] load from client
#10 ...

#16 [context datasets] load from client
#16 ...

#10 [context datasets] load from client
#10 ...

#11 [context datasets] load from client
#11 ...

#16 [context datasets] load from client
#16 ...

#19 [context datasets] load from client
#19 ...

#8 [context datasets] load from client
#8 ...

#16 [context datasets] load from client
#16 transferring datasets: 4.83GB 474.3s
#16 ...

#13 [context datasets] load from client
#13 ...

#14 [context datasets] load from client
#14 ...

#12 [context datasets] load from client
#12 ...

#13 [context datasets] load from client
#13 ...

#15 [context datasets] load from client
#15 ...

#9 [context datasets] load from client
#9 ...

#12 [context datasets] load from client
#12 transferring datasets: 4.82GB 479.2s
#12 ...

#14 [context datasets] load from client
#14 ...

#17 [context datasets] load from client
#17 ...

#12 [context datasets] load from client
#12 ...

#18 [context datasets] load from client
#18 ...

#11 [context datasets] load from client
#11 ...

#12 [context datasets] load from client
#12 ...

#10 [context datasets] load from client
#10 ...

#16 [context datasets] load from client
#16 ...

#8 [context datasets] load from client
#8 ...

#19 [context datasets] load from client
#19 transferring datasets: 4.81GB 484.3s
#19 ...

#16 [context datasets] load from client
#16 ...

#13 [context datasets] load from client
#13 ...

#16 [context datasets] load from client
#16 ...

#15 [context datasets] load from client
#15 ...

#9 [context datasets] load from client
#9 ...

#15 [context datasets] load from client
#15 transferring datasets: 4.84GB 489.4s
#15 ...

#14 [context datasets] load from client
#14 ...

#15 [context datasets] load from client
#15 ...

#17 [context datasets] load from client
#17 ...

#15 [context datasets] load from client
#15 ...

#18 [context datasets] load from client
#18 ...

#11 [context datasets] load from client
#11 ...

#14 [context datasets] load from client
#14 ...

#12 [context datasets] load from client
#12 ...

#19 [context datasets] load from client
#19 ...

#12 [context datasets] load from client
#12 ...

#10 [context datasets] load from client
#10 ...

#12 [context datasets] load from client
#12 ...

#8 [context datasets] load from client
#8 transferring datasets: 5.35GB 494.7s
#8 ...

#19 [context datasets] load from client
#19 ...

#13 [context datasets] load from client
#13 ...

#19 [context datasets] load from client
#19 ...

#9 [context datasets] load from client
#9 ...

#16 [context datasets] load from client
#16 ...

#19 [context datasets] load from client
#19 transferring datasets: 4.88GB 499.7s
#19 ...

#17 [context datasets] load from client
#17 ...

#18 [context datasets] load from client
#18 ...

#17 [context datasets] load from client
#17 ...

#15 [context datasets] load from client
#15 ...

#11 [context datasets] load from client
#11 ...

#19 [context datasets] load from client
#19 ...

#14 [context datasets] load from client
#14 ...

#19 [context datasets] load from client
#19 ...

#10 [context datasets] load from client
#10 ...

#8 [context datasets] load from client
#8 ...

#12 [context datasets] load from client
#12 ...

#19 [context datasets] load from client
#19 transferring datasets: 4.91GB 504.7s
#19 ...

#13 [context datasets] load from client
#13 ...

#19 [context datasets] load from client
#19 ...

#9 [context datasets] load from client
#9 ...

#16 [context datasets] load from client
#16 ...

#9 [context datasets] load from client
#9 transferring datasets: 4.97GB 509.8s
#9 ...

#18 [context datasets] load from client
#18 ...

#9 [context datasets] load from client
#9 ...

#17 [context datasets] load from client
#17 ...

#15 [context datasets] load from client
#15 ...

#11 [context datasets] load from client
#11 ...

#15 [context datasets] load from client
#15 ...

#14 [context datasets] load from client
#14 ...

#15 [context datasets] load from client
#15 ...

#8 [context datasets] load from client
#8 ...

#10 [context datasets] load from client
#10 ...

#12 [context datasets] load from client
#12 ...

#10 [context datasets] load from client
#10 transferring datasets: 5.01GB 514.8s
#10 ...

#13 [context datasets] load from client
#13 ...

#12 [context datasets] load from client
#12 ...

#19 [context datasets] load from client
#19 ...

#16 [context datasets] load from client
#16 ...

#19 [context datasets] load from client
#19 transferring datasets: 5.01GB 519.8s
#19 ...

#18 [context datasets] load from client
#18 ...

#19 [context datasets] load from client
#19 ...

#9 [context datasets] load from client
#9 ...

#17 [context datasets] load from client
#17 ...

#19 [context datasets] load from client
#19 ...

#11 [context datasets] load from client
#11 ...

#9 [context datasets] load from client
#9 ...

#14 [context datasets] load from client
#14 ...

#9 [context datasets] load from client
#9 ...

#15 [context datasets] load from client
#15 ...

#8 [context datasets] load from client
#8 transferring datasets: 5.53GB 525.2s
#8 ...

#15 [context datasets] load from client
#15 ...

#10 [context datasets] load from client
#10 ...

#14 [context datasets] load from client
#14 ...

#12 [context datasets] load from client
#12 ...

#13 [context datasets] load from client
#13 ...

#12 [context datasets] load from client
#12 ...

#16 [context datasets] load from client
#16 ...

#12 [context datasets] load from client
#12 transferring datasets: 5.11GB 529.9s
#12 ...

#18 [context datasets] load from client
#18 ...

#13 [context datasets] load from client
#13 ...

#18 [context datasets] load from client
#18 ...

#17 [context datasets] load from client
#17 ...

#11 [context datasets] load from client
#11 ...

#19 [context datasets] load from client
#19 ...

#18 [context datasets] load from client
#18 ...

#9 [context datasets] load from client
#9 ...

#18 [context datasets] load from client
#18 transferring datasets: 5.12GB 534.9s
#18 ...

#8 [context datasets] load from client
#8 ...

#14 [context datasets] load from client
#14 ...

#8 [context datasets] load from client
#8 ...

#10 [context datasets] load from client
#10 ...

#15 [context datasets] load from client
#15 ...

#16 [context datasets] load from client
#16 ...

#15 [context datasets] load from client
#15 transferring datasets: 5.13GB 540.0s
#15 ...

#12 [context datasets] load from client
#12 ...

#13 [context datasets] load from client
#13 ...

#10 [context datasets] load from client
#10 ...

#13 [context datasets] load from client
#13 ...

#17 [context datasets] load from client
#17 ...

#12 [context datasets] load from client
#12 ...

#11 [context datasets] load from client
#11 ...

#19 [context datasets] load from client
#19 ...

#12 [context datasets] load from client
#12 ...

#9 [context datasets] load from client
#9 transferring datasets: 5.18GB 545.0s
#9 ...

#12 [context datasets] load from client
#12 ...

#18 [context datasets] load from client
#18 ...

#14 [context datasets] load from client
#14 ...

#9 [context datasets] load from client
#9 ...

#8 [context datasets] load from client
#8 ...

#9 [context datasets] load from client
#9 ...

#16 [context datasets] load from client
#16 ...

#9 [context datasets] load from client
#9 transferring datasets: 5.21GB 550.1s
#9 ...

#15 [context datasets] load from client
#15 ...

#9 [context datasets] load from client
#9 ...

#10 [context datasets] load from client
#10 ...

#15 [context datasets] load from client
#15 ...

#13 [context datasets] load from client
#13 ...

#17 [context datasets] load from client
#17 ...

#11 [context datasets] load from client
#11 ...

#19 [context datasets] load from client
#19 ...

#11 [context datasets] load from client
#11 transferring datasets: 5.24GB 555.2s
#11 ...

#12 [context datasets] load from client
#12 ...

#18 [context datasets] load from client
#18 ...

#14 [context datasets] load from client
#14 ...

#17 [context datasets] load from client
#17 ...

#8 [context datasets] load from client
#8 ...

#17 [context datasets] load from client
#17 ...

#16 [context datasets] load from client
#16 ...

#17 [context datasets] load from client
#17 transferring datasets: 5.27GB 560.1s
#17 ...

#9 [context datasets] load from client
#9 ...

#10 [context datasets] load from client
#10 ...

#9 [context datasets] load from client
#9 ...

#15 [context datasets] load from client
#15 ...

#13 [context datasets] load from client
#13 ...

#15 [context datasets] load from client
#15 ...

#19 [context datasets] load from client
#19 ...

#15 [context datasets] load from client
#15 transferring datasets: 5.27GB 565.3s
#15 ...

#11 [context datasets] load from client
#11 ...

#12 [context datasets] load from client
#12 ...

#11 [context datasets] load from client
#11 ...

#18 [context datasets] load from client
#18 ...

#14 [context datasets] load from client
#14 ...

#18 [context datasets] load from client
#18 ...

#8 [context datasets] load from client
#8 ...

#14 [context datasets] load from client
#14 ...

#16 [context datasets] load from client
#16 ...

#14 [context datasets] load from client
#14 transferring datasets: 5.34GB 570.5s
#14 ...

#17 [context datasets] load from client
#17 ...

#14 [context datasets] load from client
#14 ...

#10 [context datasets] load from client
#10 ...

#15 [context datasets] load from client
#15 ...

#10 [context datasets] load from client
#10 ...

#9 [context datasets] load from client
#9 ...

#13 [context datasets] load from client
#13 ...

#14 [context datasets] load from client
#14 ...

#19 [context datasets] load from client
#19 ...

#14 [context datasets] load from client
#14 transferring datasets: 5.36GB 575.5s
#14 ...

#12 [context datasets] load from client
#12 ...

#11 [context datasets] load from client
#11 ...

#12 [context datasets] load from client
#12 ...

#8 [context datasets] load from client
#8 ...

#18 [context datasets] load from client
#18 ...

#8 [context datasets] load from client
#8 ...

#16 [context datasets] load from client
#16 ...

#8 [context datasets] load from client
#8 transferring datasets: 5.86GB 580.7s
#8 ...

#15 [context datasets] load from client
#15 ...

#17 [context datasets] load from client
#17 ...

#10 [context datasets] load from client
#10 ...

#17 [context datasets] load from client
#17 ...

#9 [context datasets] load from client
#9 ...

#13 [context datasets] load from client
#13 ...

#14 [context datasets] load from client
#14 ...

#13 [context datasets] load from client
#13 ...

#19 [context datasets] load from client
#19 ...

#14 [context datasets] load from client
#14 transferring datasets: 5.42GB 585.5s
#14 ...

#11 [context datasets] load from client
#11 ...

#12 [context datasets] load from client
#12 ...

#14 [context datasets] load from client
#14 ...

#18 [context datasets] load from client
#18 ...

#16 [context datasets] load from client
#16 ...

#14 [context datasets] load from client
#14 transferring datasets: 5.45GB 590.6s
#14 ...

#19 [context datasets] load from client
#19 ...

#14 [context datasets] load from client
#14 ...

#15 [context datasets] load from client
#15 ...

#8 [context datasets] load from client
#8 ...

#10 [context datasets] load from client
#10 ...

#17 [context datasets] load from client
#17 ...

#9 [context datasets] load from client
#9 ...

#10 [context datasets] load from client
#10 ...

#13 [context datasets] load from client
#13 ...

#10 [context datasets] load from client
#10 transferring datasets: 5.48GB 595.8s
#10 ...

#11 [context datasets] load from client
#11 ...

#12 [context datasets] load from client
#12 ...

#10 [context datasets] load from client
#10 ...

#18 [context datasets] load from client
#18 ...

#16 [context datasets] load from client
#16 ...

#11 [context datasets] load from client
#11 transferring datasets: 5.49GB 600.9s
#11 ...

#18 [context datasets] load from client
#18 ...

#19 [context datasets] load from client
#19 ...

#18 [context datasets] load from client
#18 ...

#14 [context datasets] load from client
#14 ...

#15 [context datasets] load from client
#15 ...

#8 [context datasets] load from client
#8 ...

#15 [context datasets] load from client
#15 ...

#17 [context datasets] load from client
#17 ...

#9 [context datasets] load from client
#9 ...

#17 [context datasets] load from client
#17 ...

#13 [context datasets] load from client
#13 ...

#17 [context datasets] load from client
#17 transferring datasets: 5.53GB 605.9s
#17 ...

#12 [context datasets] load from client
#12 ...

#17 [context datasets] load from client
#17 ...

#10 [context datasets] load from client
#10 ...

#16 [context datasets] load from client
#16 ...

#17 [context datasets] load from client
#17 transferring datasets: 5.56GB 611.0s
#17 ...

#11 [context datasets] load from client
#11 ...

#17 [context datasets] load from client
#17 ...

#19 [context datasets] load from client
#19 ...

#17 [context datasets] load from client
#17 ...

#18 [context datasets] load from client
#18 ...

#14 [context datasets] load from client
#14 ...

#18 [context datasets] load from client
#18 ...

#8 [context datasets] load from client
#8 ...

#18 [context datasets] load from client
#18 ...

#15 [context datasets] load from client
#15 ...

#8 [context datasets] load from client
#8 ...

#9 [context datasets] load from client
#9 ...

#8 [context datasets] load from client
#8 ...

#13 [context datasets] load from client
#13 ...

#8 [context datasets] load from client
#8 transferring datasets: 6.05GB 616.3s
#8 ...

#12 [context datasets] load from client
#12 ...

#8 [context datasets] load from client
#8 ...

#10 [context datasets] load from client
#10 ...

#16 [context datasets] load from client
#16 ...

#10 [context datasets] load from client
#10 transferring datasets: 5.64GB 621.2s
#10 ...

#11 [context datasets] load from client
#11 ...

#10 [context datasets] load from client
#10 ...

#19 [context datasets] load from client
#19 ...

#17 [context datasets] load from client
#17 ...

#10 [context datasets] load from client
#10 ...

#14 [context datasets] load from client
#14 ...

#10 [context datasets] load from client
#10 ...

#18 [context datasets] load from client
#18 ...

#15 [context datasets] load from client
#15 ...

#18 [context datasets] load from client
#18 ...

#9 [context datasets] load from client
#9 ...

#18 [context datasets] load from client
#18 ...

#13 [context datasets] load from client
#13 ...

#18 [context datasets] load from client
#18 transferring datasets: 5.67GB 626.1s
#18 ...

#12 [context datasets] load from client
#12 ...

#18 [context datasets] load from client
#18 ...

#8 [context datasets] load from client
#8 ...

#18 [context datasets] load from client
#18 ...

#16 [context datasets] load from client
#16 ...

#8 [context datasets] load from client
#8 transferring datasets: 6.16GB 631.4s
#8 ...

#11 [context datasets] load from client
#11 ...

#15 [context datasets] load from client
#15 ...

#11 [context datasets] load from client
#11 ...

#19 [context datasets] load from client
#19 ...

#17 [context datasets] load from client
#17 ...

#14 [context datasets] load from client
#14 ...

#17 [context datasets] load from client
#17 ...

#10 [context datasets] load from client
#10 ...

#14 [context datasets] load from client
#14 ...

#9 [context datasets] load from client
#9 ...

#14 [context datasets] load from client
#14 ...

#13 [context datasets] load from client
#13 ...

#14 [context datasets] load from client
#14 transferring datasets: 5.72GB 636.3s
#14 ...

#12 [context datasets] load from client
#12 ...

#8 [context datasets] load from client
#8 ...

#16 [context datasets] load from client
#16 ...

#18 [context datasets] load from client
#18 ...

#16 [context datasets] load from client
#16 transferring datasets: 5.78GB 641.3s
#16 ...

#15 [context datasets] load from client
#15 ...

#16 [context datasets] load from client
#16 ...

#11 [context datasets] load from client
#11 ...

#19 [context datasets] load from client
#19 ...

#11 [context datasets] load from client
#11 ...

#17 [context datasets] load from client
#17 ...

#10 [context datasets] load from client
#10 ...

#19 [context datasets] load from client
#19 ...

#9 [context datasets] load from client
#9 ...

#10 [context datasets] load from client
#10 ...

#13 [context datasets] load from client
#13 ...

#10 [context datasets] load from client
#10 transferring datasets: 5.78GB 646.3s
#10 ...

#14 [context datasets] load from client
#14 ...

#12 [context datasets] load from client
#12 ...

#10 [context datasets] load from client
#10 ...

#8 [context datasets] load from client
#8 ...

#10 [context datasets] load from client
#10 ...

#18 [context datasets] load from client
#18 ...

#13 [context datasets] load from client
#13 ...

#18 [context datasets] load from client
#18 transferring datasets: 5.78GB 651.2s
#18 ...

#15 [context datasets] load from client
#15 ...

#16 [context datasets] load from client
#16 ...

#18 [context datasets] load from client
#18 ...

#11 [context datasets] load from client
#11 ...

#17 [context datasets] load from client
#17 ...

#18 [context datasets] load from client
#18 ...

#19 [context datasets] load from client
#19 ...

#9 [context datasets] load from client
#9 ...

#18 [context datasets] load from client
#18 transferring datasets: 5.80GB 656.3s
#18 ...

#14 [context datasets] load from client
#14 ...

#12 [context datasets] load from client
#12 ...

#14 [context datasets] load from client
#14 ...

#8 [context datasets] load from client
#8 ...

#18 [context datasets] load from client
#18 ...

#10 [context datasets] load from client
#10 ...

#9 [context datasets] load from client
#9 ...

#10 [context datasets] load from client
#10 ...

#13 [context datasets] load from client
#13 ...

#10 [context datasets] load from client
#10 transferring datasets: 5.85GB 661.4s
#10 ...

#15 [context datasets] load from client
#15 ...

#10 [context datasets] load from client
#10 ...

#16 [context datasets] load from client
#16 ...

#10 [context datasets] load from client
#10 ...

#11 [context datasets] load from client
#11 ...

#17 [context datasets] load from client
#17 ...

#10 [context datasets] load from client
#10 ...

#19 [context datasets] load from client
#19 ...

#17 [context datasets] load from client
#17 transferring datasets: 5.89GB 666.5s
#17 ...

#12 [context datasets] load from client
#12 ...

#17 [context datasets] load from client
#17 ...

#14 [context datasets] load from client
#14 ...

#8 [context datasets] load from client
#8 ...

#18 [context datasets] load from client
#18 ...

#17 [context datasets] load from client
#17 ...

#9 [context datasets] load from client
#9 ...

#13 [context datasets] load from client
#13 ...

#17 [context datasets] load from client
#17 transferring datasets: 5.93GB 671.5s
#17 ...

#15 [context datasets] load from client
#15 ...

#17 [context datasets] load from client
#17 ...

#16 [context datasets] load from client
#16 ...

#17 [context datasets] load from client
#17 ...

#11 [context datasets] load from client
#11 ...

#17 [context datasets] load from client
#17 ...

#10 [context datasets] load from client
#10 ...

#19 [context datasets] load from client
#19 ...

#10 [context datasets] load from client
#10 transferring datasets: 5.97GB 676.7s
#10 ...

#12 [context datasets] load from client
#12 ...

#10 [context datasets] load from client
#10 ...

#14 [context datasets] load from client
#14 ...

#8 [context datasets] load from client
#8 ...

#10 [context datasets] load from client
#10 ...

#18 [context datasets] load from client
#18 ...

#8 [context datasets] load from client
#8 ...

#9 [context datasets] load from client
#9 ...

#13 [context datasets] load from client
#13 ...

#9 [context datasets] load from client
#9 transferring datasets: 6.00GB 681.7s
#9 ...

#15 [context datasets] load from client
#15 ...

#9 [context datasets] load from client
#9 ...

#16 [context datasets] load from client
#16 ...

#9 [context datasets] load from client
#9 ...

#11 [context datasets] load from client
#11 ...

#9 [context datasets] load from client
#9 ...

#17 [context datasets] load from client
#17 ...

#15 [context datasets] load from client
#15 ...

#19 [context datasets] load from client
#19 ...

#17 [context datasets] load from client
#17 transferring datasets: 6.02GB 686.7s
#17 ...

#12 [context datasets] load from client
#12 ...

#17 [context datasets] load from client
#17 ...

#14 [context datasets] load from client
#14 ...

#12 [context datasets] load from client
#12 ...

#18 [context datasets] load from client
#18 ...

#10 [context datasets] load from client
#10 ...

#18 [context datasets] load from client
#18 ...

#8 [context datasets] load from client
#8 ...

#10 [context datasets] load from client
#10 ...

#13 [context datasets] load from client
#13 ...

#8 [context datasets] load from client
#8 transferring datasets: 6.50GB 692.1s
#8 ...

#16 [context datasets] load from client
#16 ...

#8 [context datasets] load from client
#8 ...

#11 [context datasets] load from client
#11 ...

#16 [context datasets] load from client
#16 ...

#9 [context datasets] load from client
#9 ...

#16 [context datasets] load from client
#16 ...

#15 [context datasets] load from client
#15 ...

#19 [context datasets] load from client
#19 ...

#9 [context datasets] load from client
#9 transferring datasets: 6.07GB 696.9s
#9 ...

#17 [context datasets] load from client
#17 ...

#12 [context datasets] load from client
#12 ...

#14 [context datasets] load from client
#14 ...

#13 [context datasets] load from client
#13 ...

#14 [context datasets] load from client
#14 ...

#18 [context datasets] load from client
#18 ...

#14 [context datasets] load from client
#14 ...

#10 [context datasets] load from client
#10 ...

#18 [context datasets] load from client
#18 transferring datasets: 6.08GB 701.9s
#18 ...

#8 [context datasets] load from client
#8 ...

#11 [context datasets] load from client
#11 ...

#18 [context datasets] load from client
#18 ...

#16 [context datasets] load from client
#16 ...

#15 [context datasets] load from client
#15 ...

#16 [context datasets] load from client
#16 ...

#19 [context datasets] load from client
#19 ...

#16 [context datasets] load from client
#16 transferring datasets: 6.14GB 707.0s
#16 ...

#9 [context datasets] load from client
#9 ...

#17 [context datasets] load from client
#17 ...

#12 [context datasets] load from client
#12 ...

#17 [context datasets] load from client
#17 ...

#13 [context datasets] load from client
#13 ...

#12 [context datasets] load from client
#12 ...

#14 [context datasets] load from client
#14 ...

#10 [context datasets] load from client
#10 ...

#14 [context datasets] load from client
#14 transferring datasets: 6.14GB 712.1s
#14 ...

#8 [context datasets] load from client
#8 ...

#11 [context datasets] load from client
#11 ...

#8 [context datasets] load from client
#8 ...

#18 [context datasets] load from client
#18 ...

#8 [context datasets] load from client
#8 ...

#15 [context datasets] load from client
#15 ...

#19 [context datasets] load from client
#19 ...

#15 [context datasets] load from client
#15 transferring datasets: 6.14GB 717.0s
#15 ...

#16 [context datasets] load from client
#16 ...

#15 [context datasets] load from client
#15 ...

#9 [context datasets] load from client
#9 ...

#15 [context datasets] load from client
#15 ...

#17 [context datasets] load from client
#17 ...

#15 [context datasets] load from client
#15 ...

#13 [context datasets] load from client
#13 ...

#15 [context datasets] load from client
#15 ...

#12 [context datasets] load from client
#12 ...

#13 [context datasets] load from client
#13 ...

#10 [context datasets] load from client
#10 ...

#15 [context datasets] load from client
#15 transferring datasets: 6.18GB 722.1s
#15 ...

#14 [context datasets] load from client
#14 ...

#15 [context datasets] load from client
#15 ...

#11 [context datasets] load from client
#11 ...

#18 [context datasets] load from client
#18 ...

#11 [context datasets] load from client
#11 ...

#8 [context datasets] load from client
#8 ...

#19 [context datasets] load from client
#19 ...

#8 [context datasets] load from client
#8 transferring datasets: 6.70GB 727.5s
#8 ...

#16 [context datasets] load from client
#16 ...

#17 [context datasets] load from client
#17 ...

#9 [context datasets] load from client
#9 ...

#17 [context datasets] load from client
#17 ...

#12 [context datasets] load from client
#12 ...

#13 [context datasets] load from client
#13 ...

#10 [context datasets] load from client
#10 ...

#13 [context datasets] load from client
#13 transferring datasets: 6.25GB 732.4s
#13 ...

#15 [context datasets] load from client
#15 ...

#14 [context datasets] load from client
#14 ...

#18 [context datasets] load from client
#18 ...

#11 [context datasets] load from client
#11 ...

#19 [context datasets] load from client
#19 ...

#11 [context datasets] load from client
#11 transferring datasets: 6.27GB 737.4s
#11 ...

#8 [context datasets] load from client
#8 ...

#16 [context datasets] load from client
#16 ...

#9 [context datasets] load from client
#9 ...

#16 [context datasets] load from client
#16 ...

#12 [context datasets] load from client
#12 ...

#17 [context datasets] load from client
#17 ...

#10 [context datasets] load from client
#10 ...

#16 [context datasets] load from client
#16 transferring datasets: 6.34GB 742.4s
#16 ...

#13 [context datasets] load from client
#13 ...

#15 [context datasets] load from client
#15 ...

#16 [context datasets] load from client
#16 ...

#18 [context datasets] load from client
#18 ...

#14 [context datasets] load from client
#14 ...

#19 [context datasets] load from client
#19 ...

#18 [context datasets] load from client
#18 transferring datasets: 6.33GB 747.4s
#18 ...

#11 [context datasets] load from client
#11 ...

#8 [context datasets] load from client
#8 ...

#16 [context datasets] load from client
#16 ...

#9 [context datasets] load from client
#9 ...

#8 [context datasets] load from client
#8 ...

#12 [context datasets] load from client
#12 ...

#17 [context datasets] load from client
#17 ...

#12 [context datasets] load from client
#12 ...

#10 [context datasets] load from client
#10 ...

#17 [context datasets] load from client
#17 transferring datasets: 6.36GB 752.5s
#17 ...

#13 [context datasets] load from client
#13 ...

#15 [context datasets] load from client
#15 ...

#13 [context datasets] load from client
#13 ...

#14 [context datasets] load from client
#14 ...

#15 [context datasets] load from client
#15 ...

#19 [context datasets] load from client
#19 ...

#15 [context datasets] load from client
#15 transferring datasets: 6.35GB 757.6s
#15 ...

#18 [context datasets] load from client
#18 ...

#15 [context datasets] load from client
#15 ...

#11 [context datasets] load from client
#11 ...

#16 [context datasets] load from client
#16 ...

#9 [context datasets] load from client
#9 ...

#11 [context datasets] load from client
#11 ...

#8 [context datasets] load from client
#8 ...

#11 [context datasets] load from client
#11 ...

#10 [context datasets] load from client
#10 ...

#12 [context datasets] load from client
#12 ...

#10 [context datasets] load from client
#10 transferring datasets: 6.44GB 762.7s
#10 ...

#17 [context datasets] load from client
#17 ...

#10 [context datasets] load from client
#10 ...

#13 [context datasets] load from client
#13 ...

#14 [context datasets] load from client
#14 ...

#13 [context datasets] load from client
#13 ...

#19 [context datasets] load from client
#19 ...

#13 [context datasets] load from client
#13 transferring datasets: 6.46GB 767.8s
#13 ...

#18 [context datasets] load from client
#18 ...

#15 [context datasets] load from client
#15 ...

#18 [context datasets] load from client
#18 ...

#9 [context datasets] load from client
#9 ...

#16 [context datasets] load from client
#16 ...

#18 [context datasets] load from client
#18 ...

#8 [context datasets] load from client
#8 ...

#18 [context datasets] load from client
#18 ...

#11 [context datasets] load from client
#11 ...

#12 [context datasets] load from client
#12 transferring datasets: 6.50GB 772.7s
#12 ...

#8 [context datasets] load from client
#8 ...

#17 [context datasets] load from client
#17 ...

#10 [context datasets] load from client
#10 ...

#14 [context datasets] load from client
#14 ...

#9 [context datasets] load from client
#9 ...

#14 [context datasets] load from client
#14 ...

#19 [context datasets] load from client
#19 ...

#14 [context datasets] load from client
#14 transferring datasets: 6.51GB 777.9s
#14 ...

#13 [context datasets] load from client
#13 ...

#14 [context datasets] load from client
#14 ...

#15 [context datasets] load from client
#15 ...

#14 [context datasets] load from client
#14 ...

#16 [context datasets] load from client
#16 ...

#14 [context datasets] load from client
#14 ...

#18 [context datasets] load from client
#18 ...

#11 [context datasets] load from client
#11 transferring datasets: 6.52GB 783.0s
#11 ...

#13 [context datasets] load from client
#13 ...

#12 [context datasets] load from client
#12 ...

#11 [context datasets] load from client
#11 ...

#8 [context datasets] load from client
#8 ...

#10 [context datasets] load from client
#10 ...

#17 [context datasets] load from client
#17 ...

#9 [context datasets] load from client
#9 ...

#17 [context datasets] load from client
#17 ...

#19 [context datasets] load from client
#19 ...

#9 [context datasets] load from client
#9 transferring datasets: 6.57GB 788.0s
#9 ...

#15 [context datasets] load from client
#15 ...

#9 [context datasets] load from client
#9 ...

#16 [context datasets] load from client
#16 ...

#17 [context datasets] load from client
#17 ...

#14 [context datasets] load from client
#14 transferring datasets: 6.59GB 793.1s
#14 ...

#18 [context datasets] load from client
#18 ...

#17 [context datasets] load from client
#17 ...

#12 [context datasets] load from client
#12 ...

#13 [context datasets] load from client
#13 ...

#17 [context datasets] load from client
#17 ...

#11 [context datasets] load from client
#11 ...

#8 [context datasets] load from client
#8 ...

#10 [context datasets] load from client
#10 ...

#8 [context datasets] load from client
#8 ...

#19 [context datasets] load from client
#19 ...

#8 [context datasets] load from client
#8 transferring datasets: 7.07GB 798.3s
#8 ...

#15 [context datasets] load from client
#15 ...

#8 [context datasets] load from client
#8 ...

#9 [context datasets] load from client
#9 ...

#8 [context datasets] load from client
#8 ...

#16 [context datasets] load from client
#16 ...

#8 [context datasets] load from client
#8 transferring datasets: 7.12GB 803.4s
#8 ...

#14 [context datasets] load from client
#14 ...

#18 [context datasets] load from client
#18 ...

#12 [context datasets] load from client
#12 ...

#13 [context datasets] load from client
#13 ...

#14 [context datasets] load from client
#14 ...

#17 [context datasets] load from client
#17 ...

#11 [context datasets] load from client
#11 ...

#17 [context datasets] load from client
#17 ...

#10 [context datasets] load from client
#10 ...

#17 [context datasets] load from client
#17 ...

#19 [context datasets] load from client
#19 transferring datasets: 6.68GB 808.2s
#19 ...

#17 [context datasets] load from client
#17 ...

#15 [context datasets] load from client
#15 ...

#18 [context datasets] load from client
#18 ...

#9 [context datasets] load from client
#9 ...

#15 [context datasets] load from client
#15 ...

#16 [context datasets] load from client
#16 ...

#15 [context datasets] load from client
#15 transferring datasets: 6.69GB 813.3s
#15 ...

#8 [context datasets] load from client
#8 ...

#13 [context datasets] load from client
#13 ...

#15 [context datasets] load from client
#15 ...

#12 [context datasets] load from client
#12 ...

#15 [context datasets] load from client
#15 ...

#14 [context datasets] load from client
#14 ...

#15 [context datasets] load from client
#15 ...

#11 [context datasets] load from client
#11 ...

#14 [context datasets] load from client
#14 ...

#10 [context datasets] load from client
#10 ...

#15 [context datasets] load from client
#15 ...

#19 [context datasets] load from client
#19 ...

#15 [context datasets] load from client
#15 transferring datasets: 6.72GB 818.5s
#15 ...

#17 [context datasets] load from client
#17 ...

#15 [context datasets] load from client
#15 ...

#18 [context datasets] load from client
#18 ...

#9 [context datasets] load from client
#9 ...

#18 [context datasets] load from client
#18 ...

#16 [context datasets] load from client
#16 ...

#18 [context datasets] load from client
#18 ...

#8 [context datasets] load from client
#8 transferring datasets: 7.24GB 823.8s
#8 ...

#13 [context datasets] load from client
#13 ...

#18 [context datasets] load from client
#18 ...

#12 [context datasets] load from client
#12 ...

#18 [context datasets] load from client
#18 ...

#14 [context datasets] load from client
#14 ...

#11 [context datasets] load from client
#11 ...

#9 [context datasets] load from client
#9 ...

#11 [context datasets] load from client
#11 ...

#10 [context datasets] load from client
#10 ...

#11 [context datasets] load from client
#11 transferring datasets: 6.78GB 828.8s
#11 ...

#19 [context datasets] load from client
#19 ...

#9 [context datasets] load from client
#9 ...

#17 [context datasets] load from client
#17 ...

#19 [context datasets] load from client
#19 ...

#15 [context datasets] load from client
#15 ...

#16 [context datasets] load from client
#16 ...

#19 [context datasets] load from client
#19 ...

#8 [context datasets] load from client
#8 transferring datasets: 7.28GB 834.0s
#8 ...

#19 [context datasets] load from client
#19 ...

#13 [context datasets] load from client
#13 ...

#8 [context datasets] load from client
#8 ...

#12 [context datasets] load from client
#12 ...

#19 [context datasets] load from client
#19 ...

#18 [context datasets] load from client
#18 ...

#14 [context datasets] load from client
#14 ...

#17 [context datasets] load from client
#17 ...

#14 [context datasets] load from client
#14 ...

#10 [context datasets] load from client
#10 ...

#17 [context datasets] load from client
#17 transferring datasets: 6.85GB 838.8s
#17 ...

#11 [context datasets] load from client
#11 ...

#17 [context datasets] load from client
#17 ...

#9 [context datasets] load from client
#9 ...

#19 [context datasets] load from client
#19 ...

#15 [context datasets] load from client
#15 ...

#19 [context datasets] load from client
#19 ...

#16 [context datasets] load from client
#16 ...

#17 [context datasets] load from client
#17 transferring datasets: 6.87GB 843.8s
#17 ...

#13 [context datasets] load from client
#13 ...

#17 [context datasets] load from client
#17 ...

#8 [context datasets] load from client
#8 ...

#12 [context datasets] load from client
#12 ...

#13 [context datasets] load from client
#13 ...

#18 [context datasets] load from client
#18 ...

#13 [context datasets] load from client
#13 ...

#14 [context datasets] load from client
#14 transferring datasets: 6.90GB 849.0s
#14 ...

#10 [context datasets] load from client
#10 ...

#11 [context datasets] load from client
#11 ...

#13 [context datasets] load from client
#13 ...

#9 [context datasets] load from client
#9 ...

#13 [context datasets] load from client
#13 ...

#15 [context datasets] load from client
#15 ...

#19 [context datasets] load from client
#19 ...

#16 [context datasets] load from client
#16 ...

#15 [context datasets] load from client
#15 transferring datasets: 6.87GB 853.9s
#15 ...

#17 [context datasets] load from client
#17 ...

#15 [context datasets] load from client
#15 ...

#12 [context datasets] load from client
#12 ...

#8 [context datasets] load from client
#8 ...

#9 [context datasets] load from client
#9 ...

#8 [context datasets] load from client
#8 ...

#18 [context datasets] load from client
#18 ...

#8 [context datasets] load from client
#8 transferring datasets: 7.39GB 859.3s
#8 ...

#14 [context datasets] load from client
#14 ...

#11 [context datasets] load from client
#11 ...

#10 [context datasets] load from client
#10 ...

#13 [context datasets] load from client
#13 ...

#10 [context datasets] load from client
#10 ...

#19 [context datasets] load from client
#19 ...

#13 [context datasets] load from client
#13 ...

#16 [context datasets] load from client
#16 ...

#13 [context datasets] load from client
#13 transferring datasets: 6.96GB 864.2s
#13 ...

#17 [context datasets] load from client
#17 ...

#13 [context datasets] load from client
#13 ...

#15 [context datasets] load from client
#15 ...

#13 [context datasets] load from client
#13 ...

#12 [context datasets] load from client
#12 ...

#13 [context datasets] load from client
#13 ...

#9 [context datasets] load from client
#9 ...

#13 [context datasets] load from client
#13 ...

#18 [context datasets] load from client
#18 ...

#13 [context datasets] load from client
#13 transferring datasets: 7.00GB 869.3s
#13 ...

#8 [context datasets] load from client
#8 ...

#13 [context datasets] load from client
#13 ...

#14 [context datasets] load from client
#14 ...

#11 [context datasets] load from client
#11 ...

#13 [context datasets] load from client
#13 ...

#10 [context datasets] load from client
#10 ...

#19 [context datasets] load from client
#19 ...

#16 [context datasets] load from client
#16 ...

#13 [context datasets] load from client
#13 transferring datasets: 7.03GB 874.3s
#13 ...

#17 [context datasets] load from client
#17 ...

#13 [context datasets] load from client
#13 ...

#15 [context datasets] load from client
#15 ...

#17 [context datasets] load from client
#17 ...

#12 [context datasets] load from client
#12 ...

#15 [context datasets] load from client
#15 ...

#9 [context datasets] load from client
#9 ...

#15 [context datasets] load from client
#15 ...

#18 [context datasets] load from client
#18 ...

#15 [context datasets] load from client
#15 transferring datasets: 7.02GB 879.3s
#15 ...

#8 [context datasets] load from client
#8 ...

#14 [context datasets] load from client
#14 ...

#11 [context datasets] load from client
#11 ...

#14 [context datasets] load from client
#14 ...

#10 [context datasets] load from client
#10 ...

#19 [context datasets] load from client
#19 ...

#16 [context datasets] load from client
#16 ...

#10 [context datasets] load from client
#10 transferring datasets: 7.10GB 884.4s
#10 ...

#13 [context datasets] load from client
#13 ...

#10 [context datasets] load from client
#10 ...

#17 [context datasets] load from client
#17 ...

#12 [context datasets] load from client
#12 ...

#17 [context datasets] load from client
#17 ...

#9 [context datasets] load from client
#9 ...

#17 [context datasets] load from client
#17 ...

#18 [context datasets] load from client
#18 ...

#16 [context datasets] load from client
#16 ...

#17 [context datasets] load from client
#17 transferring datasets: 7.11GB 889.5s
#17 ...

#15 [context datasets] load from client
#15 ...

#14 [context datasets] load from client
#14 ...

#8 [context datasets] load from client
#8 ...

#14 [context datasets] load from client
#14 ...

#11 [context datasets] load from client
#11 ...

#15 [context datasets] load from client
#15 ...

#19 [context datasets] load from client
#19 ...

#17 [context datasets] load from client
#17 transferring datasets: 7.14GB 894.5s
#17 ...

#13 [context datasets] load from client
#13 ...

#10 [context datasets] load from client
#10 ...

#13 [context datasets] load from client
#13 ...

#12 [context datasets] load from client
#12 ...

#13 [context datasets] load from client
#13 ...

#9 [context datasets] load from client
#9 ...

#13 [context datasets] load from client
#13 ...

#18 [context datasets] load from client
#18 ...

#9 [context datasets] load from client
#9 ...

#16 [context datasets] load from client
#16 ...

#12 [context datasets] load from client
#12 transferring datasets: 7.19GB 899.6s
#12 ...

#8 [context datasets] load from client
#8 ...

#14 [context datasets] load from client
#14 ...

#11 [context datasets] load from client
#11 ...

#14 [context datasets] load from client
#14 ...

#15 [context datasets] load from client
#15 ...

#14 [context datasets] load from client
#14 ...

#19 [context datasets] load from client
#19 ...

#14 [context datasets] load from client
#14 transferring datasets: 7.21GB 904.9s
#14 ...

#17 [context datasets] load from client
#17 ...

#14 [context datasets] load from client
#14 ...

#10 [context datasets] load from client
#10 ...

#14 [context datasets] load from client
#14 ...

#18 [context datasets] load from client
#18 ...

#13 [context datasets] load from client
#13 ...

#9 [context datasets] load from client
#9 ...

#13 [context datasets] load from client
#13 ...

#16 [context datasets] load from client
#16 ...

#13 [context datasets] load from client
#13 transferring datasets: 7.23GB 910.1s
#13 ...

#12 [context datasets] load from client
#12 ...

#8 [context datasets] load from client
#8 ...

#11 [context datasets] load from client
#11 ...

#12 [context datasets] load from client
#12 ...

#15 [context datasets] load from client
#15 ...

#19 [context datasets] load from client
#19 ...

#15 [context datasets] load from client
#15 transferring datasets: 7.22GB 915.2s
#15 ...

#17 [context datasets] load from client
#17 ...

#10 [context datasets] load from client
#10 ...

#15 [context datasets] load from client
#15 ...

#18 [context datasets] load from client
#18 ...

#14 [context datasets] load from client
#14 ...

#9 [context datasets] load from client
#9 ...

#14 [context datasets] load from client
#14 ...

#16 [context datasets] load from client
#16 ...

#14 [context datasets] load from client
#14 transferring datasets: 7.31GB 920.2s
#14 ...

#13 [context datasets] load from client
#13 ...

#8 [context datasets] load from client
#8 ...

#11 [context datasets] load from client
#11 ...

#8 [context datasets] load from client
#8 ...

#12 [context datasets] load from client
#12 ...

#14 [context datasets] load from client
#14 ...

#19 [context datasets] load from client
#19 ...

#12 [context datasets] load from client
#12 transferring datasets: 7.35GB 925.2s
#12 ...

#17 [context datasets] load from client
#17 ...

#12 [context datasets] load from client
#12 ...

#10 [context datasets] load from client
#10 ...

#16 [context datasets] load from client
#16 ...

#13 [context datasets] load from client
#13 ...

#16 [context datasets] load from client
#16 ...

#15 [context datasets] load from client
#15 ...

#18 [context datasets] load from client
#18 ...

#9 [context datasets] load from client
#9 ...

#18 [context datasets] load from client
#18 transferring datasets: 7.34GB 930.4s
#18 ...

#11 [context datasets] load from client
#11 ...

#13 [context datasets] load from client
#13 ...

#8 [context datasets] load from client
#8 ...

#13 [context datasets] load from client
#13 ...

#14 [context datasets] load from client
#14 ...

#19 [context datasets] load from client
#19 ...

#14 [context datasets] load from client
#14 transferring datasets: 7.40GB 935.5s
#14 ...

#17 [context datasets] load from client
#17 ...

#12 [context datasets] load from client
#12 ...

#17 [context datasets] load from client
#17 ...

#10 [context datasets] load from client
#10 ...

#11 [context datasets] load from client
#11 ...

#10 [context datasets] load from client
#10 ...

#16 [context datasets] load from client
#16 ...

#15 [context datasets] load from client
#15 ...

#10 [context datasets] load from client
#10 ...

#9 [context datasets] load from client
#9 ...

#18 [context datasets] load from client
#18 ...

#9 [context datasets] load from client
#9 transferring datasets: 7.44GB 940.5s
#9 ...

#8 [context datasets] load from client
#8 ...

#13 [context datasets] load from client
#13 ...

#19 [context datasets] load from client
#19 ...

#8 [context datasets] load from client
#8 transferring datasets: 7.90GB 945.8s
#8 ...

#14 [context datasets] load from client
#14 ...

#13 [context datasets] load from client
#13 ...

#12 [context datasets] load from client
#12 ...

#13 [context datasets] load from client
#13 ...

#17 [context datasets] load from client
#17 ...

#13 [context datasets] load from client
#13 ...

#11 [context datasets] load from client
#11 ...

#13 [context datasets] load from client
#13 ...

#16 [context datasets] load from client
#16 ...

#13 [context datasets] load from client
#13 ...

#15 [context datasets] load from client
#15 ...

#13 [context datasets] load from client
#13 ...

#10 [context datasets] load from client
#10 ...

#13 [context datasets] load from client
#13 transferring datasets: 7.48GB 950.6s
#13 ...

#18 [context datasets] load from client
#18 ...

#10 [context datasets] load from client
#10 ...

#9 [context datasets] load from client
#9 ...

#14 [context datasets] load from client
#14 ...

#19 [context datasets] load from client
#19 ...

#14 [context datasets] load from client
#14 transferring datasets: 7.52GB 955.7s
#14 ...

#8 [context datasets] load from client
#8 ...

#14 [context datasets] load from client
#14 ...

#12 [context datasets] load from client
#12 ...

#14 [context datasets] load from client
#14 ...

#17 [context datasets] load from client
#17 ...

#14 [context datasets] load from client
#14 ...

#11 [context datasets] load from client
#11 ...

#14 [context datasets] load from client
#14 ...

#16 [context datasets] load from client
#16 ...

#11 [context datasets] load from client
#11 ...

#15 [context datasets] load from client
#15 ...

#11 [context datasets] load from client
#11 ...

#18 [context datasets] load from client
#18 transferring datasets: 7.52GB 960.7s
#18 ...

#13 [context datasets] load from client
#13 ...

#18 [context datasets] load from client
#18 ...

#10 [context datasets] load from client
#10 ...

#18 [context datasets] load from client
#18 ...

#9 [context datasets] load from client
#9 ...

#18 [context datasets] load from client
#18 ...

#19 [context datasets] load from client
#19 ...

#18 [context datasets] load from client
#18 transferring datasets: 7.54GB 965.9s
#18 ...

#8 [context datasets] load from client
#8 ...

#9 [context datasets] load from client
#9 ...

#12 [context datasets] load from client
#12 ...

#9 [context datasets] load from client
#9 ...

#17 [context datasets] load from client
#17 ...

#9 [context datasets] load from client
#9 ...

#16 [context datasets] load from client
#16 ...

#14 [context datasets] load from client
#14 ...

#15 [context datasets] load from client
#15 ...

#14 [context datasets] load from client
#14 ...

#11 [context datasets] load from client
#11 transferring datasets: 7.55GB 971.1s
#11 ...

#13 [context datasets] load from client
#13 ...

#11 [context datasets] load from client
#11 ...

#10 [context datasets] load from client
#10 ...

#11 [context datasets] load from client
#11 ...

#19 [context datasets] load from client
#19 ...

#11 [context datasets] load from client
#11 transferring datasets: 7.59GB 976.2s
#11 ...

#18 [context datasets] load from client
#18 ...

#11 [context datasets] load from client
#11 ...

#8 [context datasets] load from client
#8 ...

#11 [context datasets] load from client
#11 ...

#12 [context datasets] load from client
#12 ...

#19 [context datasets] load from client
#19 ...

#17 [context datasets] load from client
#17 ...

#19 [context datasets] load from client
#19 ...

#9 [context datasets] load from client
#9 ...

#16 [context datasets] load from client
#16 ...

#14 [context datasets] load from client
#14 ...

#15 [context datasets] load from client
#15 ...

#14 [context datasets] load from client
#14 ...

#13 [context datasets] load from client
#13 ...

#9 [context datasets] load from client
#9 transferring datasets: 7.68GB 981.2s
#9 ...

#10 [context datasets] load from client
#10 ...

#9 [context datasets] load from client
#9 transferring datasets: 7.70GB 986.3s
#9 ...

#18 [context datasets] load from client
#18 ...

#9 [context datasets] load from client
#9 ...

#8 [context datasets] load from client
#8 ...

#18 [context datasets] load from client
#18 ...

#12 [context datasets] load from client
#12 ...

#11 [context datasets] load from client
#11 ...

#12 [context datasets] load from client
#12 ...

#17 [context datasets] load from client
#17 ...

#12 [context datasets] load from client
#12 ...

#19 [context datasets] load from client
#19 ...

#16 [context datasets] load from client
#16 ...

#19 [context datasets] load from client
#19 ...

#15 [context datasets] load from client
#15 ...

#19 [context datasets] load from client
#19 ...

#13 [context datasets] load from client
#13 transferring datasets: 7.71GB 991.5s
#13 ...

#14 [context datasets] load from client
#14 ...

#13 [context datasets] load from client
#13 ...

#10 [context datasets] load from client
#10 ...

#13 [context datasets] load from client
#13 transferring datasets: 7.75GB 996.6s
#13 ...

#9 [context datasets] load from client
#9 ...

#8 [context datasets] load from client
#8 ...

#11 [context datasets] load from client
#11 ...

#18 [context datasets] load from client
#18 ...

#11 [context datasets] load from client
#11 ...

#17 [context datasets] load from client
#17 ...

#11 [context datasets] load from client
#11 ...

#12 [context datasets] load from client
#12 ...

#11 [context datasets] load from client
#11 ...

#16 [context datasets] load from client
#16 ...

#11 [context datasets] load from client
#11 ...

#15 [context datasets] load from client
#15 ...

#14 [context datasets] load from client
#14 ...

#16 [context datasets] load from client
#16 ...

#19 [context datasets] load from client
#19 ...

#14 [context datasets] load from client
#14 transferring datasets: 7.80GB 1001.6s
#14 ...

#10 [context datasets] load from client
#10 ...

#14 [context datasets] load from client
#14 transferring datasets: 7.82GB 1006.7s
#14 ...

#13 [context datasets] load from client
#13 ...

#9 [context datasets] load from client
#9 ...

#8 [context datasets] load from client
#8 ...

#9 [context datasets] load from client
#9 ...

#18 [context datasets] load from client
#18 ...

#15 [context datasets] load from client
#15 ...

#18 [context datasets] load from client
#18 ...

#17 [context datasets] load from client
#17 ...

#9 [context datasets] load from client
#9 ...

#12 [context datasets] load from client
#12 ...

#13 [context datasets] load from client
#13 ...

#11 [context datasets] load from client
#11 ...

#13 [context datasets] load from client
#13 ...

#16 [context datasets] load from client
#16 ...

#19 [context datasets] load from client
#19 ...

#13 [context datasets] load from client
#13 transferring datasets: 7.82GB 1011.8s
#13 ...

#10 [context datasets] load from client
#10 ...

#13 [context datasets] load from client
#13 transferring datasets: 7.84GB 1017.0s
#13 ...

#14 [context datasets] load from client
#14 ...

#13 [context datasets] load from client
#13 ...

#8 [context datasets] load from client
#8 ...

#13 [context datasets] load from client
#13 ...

#15 [context datasets] load from client
#15 ...

#13 [context datasets] load from client
#13 ...

#18 [context datasets] load from client
#18 ...

#19 [context datasets] load from client
#19 ...

#17 [context datasets] load from client
#17 ...

#18 [context datasets] load from client
#18 ...

#12 [context datasets] load from client
#12 ...

#9 [context datasets] load from client
#9 ...

#11 [context datasets] load from client
#11 ...

#9 [context datasets] load from client
#9 ...

#16 [context datasets] load from client
#16 ...

#17 [context datasets] load from client
#17 transferring datasets: 7.87GB 1021.9s
#17 ...

#10 [context datasets] load from client
#10 ...

#9 [context datasets] load from client
#9 transferring datasets: 7.93GB 1027.1s
#9 ...

#10 [context datasets] load from client
#10 ...

#14 [context datasets] load from client
#14 ...

#9 [context datasets] load from client
#9 ...

#8 [context datasets] load from client
#8 ...

#10 [context datasets] load from client
#10 ...

#15 [context datasets] load from client
#15 ...

#8 [context datasets] load from client
#8 ...

#13 [context datasets] load from client
#13 ...

#8 [context datasets] load from client
#8 ...

#19 [context datasets] load from client
#19 ...

#8 [context datasets] load from client
#8 ...

#12 [context datasets] load from client
#12 ...

#18 [context datasets] load from client
#18 ...

#11 [context datasets] load from client
#11 ...

#18 [context datasets] load from client
#18 ...

#16 [context datasets] load from client
#16 transferring datasets: 7.97GB 1032.1s
#16 ...

#18 [context datasets] load from client
#18 ...

#17 [context datasets] load from client
#17 ...

#18 [context datasets] load from client
#18 transferring datasets: 7.97GB 1037.1s
#18 ...

#14 [context datasets] load from client
#14 ...

#18 [context datasets] load from client
#18 ...

#9 [context datasets] load from client
#9 ...

#18 [context datasets] load from client
#18 ...

#10 [context datasets] load from client
#10 ...

#15 [context datasets] load from client
#15 ...

#10 [context datasets] load from client
#10 ...

#13 [context datasets] load from client
#13 ...

#10 [context datasets] load from client
#10 ...

#19 [context datasets] load from client
#19 ...

#10 [context datasets] load from client
#10 ...

#8 [context datasets] load from client
#8 ...

#12 [context datasets] load from client
#12 ...

#8 [context datasets] load from client
#8 ...

#11 [context datasets] load from client
#11 ...

#8 [context datasets] load from client
#8 ...

#16 [context datasets] load from client
#16 transferring datasets: 8.06GB 1042.2s
#16 ...

#8 [context datasets] load from client
#8 ...

#17 [context datasets] load from client
#17 transferring datasets: 8.04GB 1047.3s
#17 ...

#14 [context datasets] load from client
#14 ...

#9 [context datasets] load from client
#9 ...

#14 [context datasets] load from client
#14 ...

#18 [context datasets] load from client
#18 ...

#15 [context datasets] load from client
#15 ...

#19 [context datasets] load from client
#19 ...

#15 [context datasets] load from client
#15 ...

#13 [context datasets] load from client
#13 ...

#15 [context datasets] load from client
#15 ...

#10 [context datasets] load from client
#10 ...

#15 [context datasets] load from client
#15 ...

#12 [context datasets] load from client
#12 ...

#11 [context datasets] load from client
#11 ...

#12 [context datasets] load from client
#12 transferring datasets: 8.10GB 1052.2s
#12 ...

#16 [context datasets] load from client
#16 ...

#12 [context datasets] load from client
#12 ...

#8 [context datasets] load from client
#8 ...

#12 [context datasets] load from client
#12 transferring datasets: 8.12GB 1057.3s
#12 ...

#17 [context datasets] load from client
#17 ...

#9 [context datasets] load from client
#9 ...

#12 [context datasets] load from client
#12 ...

#18 [context datasets] load from client
#18 ...

#14 [context datasets] load from client
#14 ...

#19 [context datasets] load from client
#19 ...

#18 [context datasets] load from client
#18 ...

#13 [context datasets] load from client
#13 ...

#16 [context datasets] load from client
#16 ...

#18 [context datasets] load from client
#18 ...

#10 [context datasets] load from client
#10 ...

#15 [context datasets] load from client
#15 ...

#10 [context datasets] load from client
#10 ...

#11 [context datasets] load from client
#11 ...

#13 [context datasets] load from client
#13 transferring datasets: 8.11GB 1062.5s
#13 ...

#8 [context datasets] load from client
#8 ...

#13 [context datasets] load from client
#13 transferring datasets: 8.14GB 1067.5s
#13 ...

#17 [context datasets] load from client
#17 ...

#18 [context datasets] load from client
#18 ...

#9 [context datasets] load from client
#9 ...

#18 [context datasets] load from client
#18 ...

#12 [context datasets] load from client
#12 ...

#9 [context datasets] load from client
#9 ...

#14 [context datasets] load from client
#14 ...

#12 [context datasets] load from client
#12 ...

#19 [context datasets] load from client
#19 ...

#12 [context datasets] load from client
#12 ...

#16 [context datasets] load from client
#16 ...

#10 [context datasets] load from client
#10 ...

#12 [context datasets] load from client
#12 ...

#15 [context datasets] load from client
#15 ...

#12 [context datasets] load from client
#12 ...

#11 [context datasets] load from client
#11 ...

#15 [context datasets] load from client
#15 transferring datasets: 8.12GB 1072.5s
#15 ...

#8 [context datasets] load from client
#8 ...

#15 [context datasets] load from client
#15 transferring datasets: 8.14GB 1077.5s
#15 ...

#13 [context datasets] load from client
#13 ...

#17 [context datasets] load from client
#17 ...

#13 [context datasets] load from client
#13 ...

#18 [context datasets] load from client
#18 ...

#17 [context datasets] load from client
#17 ...

#14 [context datasets] load from client
#14 ...

#9 [context datasets] load from client
#9 ...

#14 [context datasets] load from client
#14 ...

#19 [context datasets] load from client
#19 ...

#14 [context datasets] load from client
#14 ...

#16 [context datasets] load from client
#16 ...

#14 [context datasets] load from client
#14 ...

#10 [context datasets] load from client
#10 ...

#14 [context datasets] load from client
#14 ...

#11 [context datasets] load from client
#11 ...

#12 [context datasets] load from client
#12 transferring datasets: 8.25GB 1082.5s
#12 ...

#14 [context datasets] load from client
#14 ...

#8 [context datasets] load from client
#8 ...

#11 [context datasets] load from client
#11 transferring datasets: 8.24GB 1087.7s
#11 ...

#14 [context datasets] load from client
#14 ...

#15 [context datasets] load from client
#15 ...

#14 [context datasets] load from client
#14 ...

#13 [context datasets] load from client
#13 ...

#14 [context datasets] load from client
#14 ...

#18 [context datasets] load from client
#18 ...

#17 [context datasets] load from client
#17 ...

#9 [context datasets] load from client
#9 ...

#19 [context datasets] load from client
#19 ...

#9 [context datasets] load from client
#9 ...

#16 [context datasets] load from client
#16 ...

#9 [context datasets] load from client
#9 ...

#10 [context datasets] load from client
#10 ...

#9 [context datasets] load from client
#9 transferring datasets: 8.34GB 1092.6s
#9 ...

#12 [context datasets] load from client
#12 ...

#8 [context datasets] load from client
#8 ...

#9 [context datasets] load from client
#9 transferring datasets: 8.36GB 1097.8s
#9 ...

#11 [context datasets] load from client
#11 ...

#9 [context datasets] load from client
#9 ...

#15 [context datasets] load from client
#15 ...

#9 [context datasets] load from client
#9 ...

#13 [context datasets] load from client
#13 ...

#9 [context datasets] load from client
#9 ...

#14 [context datasets] load from client
#14 ...

#18 [context datasets] load from client
#18 ...

#17 [context datasets] load from client
#17 ...

#19 [context datasets] load from client
#19 ...

#9 [context datasets] load from client
#9 ...

#16 [context datasets] load from client
#16 ...

#9 [context datasets] load from client
#9 ...

#10 [context datasets] load from client
#10 ...

#17 [context datasets] load from client
#17 transferring datasets: 8.34GB 1102.8s
#17 ...

#12 [context datasets] load from client
#12 ...

#17 [context datasets] load from client
#17 ...

#8 [context datasets] load from client
#8 ...

#10 [context datasets] load from client
#10 ...

#17 [context datasets] load from client
#17 transferring datasets: 8.37GB 1107.9s
#17 ...

#11 [context datasets] load from client
#11 ...

#17 [context datasets] load from client
#17 ...

#15 [context datasets] load from client
#15 ...

#17 [context datasets] load from client
#17 ...

#13 [context datasets] load from client
#13 ...

#17 [context datasets] load from client
#17 ...

#19 [context datasets] load from client
#19 ...

#14 [context datasets] load from client
#14 ...

#18 [context datasets] load from client
#18 ...

#14 [context datasets] load from client
#14 ...

#16 [context datasets] load from client
#16 ...

#9 [context datasets] load from client
#9 ...

#16 [context datasets] load from client
#16 transferring datasets: 8.43GB 1113.1s
#16 ...

#12 [context datasets] load from client
#12 ...

#16 [context datasets] load from client
#16 ...

#8 [context datasets] load from client
#8 ...

#12 [context datasets] load from client
#12 ...

#10 [context datasets] load from client
#10 ...

#12 [context datasets] load from client
#12 transferring datasets: 8.45GB 1118.1s
#12 ...

#11 [context datasets] load from client
#11 ...

#12 [context datasets] load from client
#12 ...

#15 [context datasets] load from client
#15 ...

#12 [context datasets] load from client
#12 ...

#13 [context datasets] load from client
#13 ...

#12 [context datasets] load from client
#12 ...

#17 [context datasets] load from client
#17 ...

#19 [context datasets] load from client
#19 ...

#18 [context datasets] load from client
#18 ...

#17 [context datasets] load from client
#17 ...

#14 [context datasets] load from client
#14 ...

#18 [context datasets] load from client
#18 ...

#9 [context datasets] load from client
#9 ...

#18 [context datasets] load from client
#18 transferring datasets: 8.43GB 1123.1s
#18 ...

#16 [context datasets] load from client
#16 ...

#8 [context datasets] load from client
#8 ...

#16 [context datasets] load from client
#16 ...

#10 [context datasets] load from client
#10 ...

#16 [context datasets] load from client
#16 transferring datasets: 8.51GB 1128.2s
#16 ...

#11 [context datasets] load from client
#11 ...

#16 [context datasets] load from client
#16 ...

#15 [context datasets] load from client
#15 ...

#16 [context datasets] load from client
#16 ...

#13 [context datasets] load from client
#13 ...

#16 [context datasets] load from client
#16 ...

#12 [context datasets] load from client
#12 ...

#16 [context datasets] load from client
#16 ...

#19 [context datasets] load from client
#19 ...

#16 [context datasets] load from client
#16 ...

#14 [context datasets] load from client
#14 ...

#17 [context datasets] load from client
#17 ...

#9 [context datasets] load from client
#9 ...

#17 [context datasets] load from client
#17 transferring datasets: 8.51GB 1133.2s
#17 ...

#18 [context datasets] load from client
#18 ...

#8 [context datasets] load from client
#8 ...

#18 [context datasets] load from client
#18 ...

#10 [context datasets] load from client
#10 ...

#18 [context datasets] load from client
#18 transferring datasets: 8.53GB 1138.2s
#18 ...

#11 [context datasets] load from client
#11 ...

#15 [context datasets] load from client
#15 ...

#11 [context datasets] load from client
#11 ...

#13 [context datasets] load from client
#13 ...

#11 [context datasets] load from client
#11 ...

#12 [context datasets] load from client
#12 ...

#11 [context datasets] load from client
#11 ...

#19 [context datasets] load from client
#19 ...

#12 [context datasets] load from client
#12 ...

#16 [context datasets] load from client
#16 ...

#14 [context datasets] load from client
#14 ...

#12 [context datasets] load from client
#12 ...

#9 [context datasets] load from client
#9 ...

#13 [context datasets] load from client
#13 transferring datasets: 8.57GB 1143.4s
#13 ...

#17 [context datasets] load from client
#17 ...

#13 [context datasets] load from client
#13 ...

#8 [context datasets] load from client
#8 ...

#10 [context datasets] load from client
#10 ...

#13 [context datasets] load from client
#13 transferring datasets: 8.59GB 1148.6s
#13 ...

#18 [context datasets] load from client
#18 ...

#8 [context datasets] load from client
#8 ...

#15 [context datasets] load from client
#15 ...

#18 [context datasets] load from client
#18 ...

#11 [context datasets] load from client
#11 ...

#19 [context datasets] load from client
#19 ...

#18 [context datasets] load from client
#18 ...

#16 [context datasets] load from client
#16 ...

#14 [context datasets] load from client
#14 ...

#16 [context datasets] load from client
#16 ...

#12 [context datasets] load from client
#12 ...

#9 [context datasets] load from client
#9 ...

#18 [context datasets] load from client
#18 transferring datasets: 8.60GB 1153.5s
#18 ...

#17 [context datasets] load from client
#17 ...

#19 [context datasets] load from client
#19 ...

#10 [context datasets] load from client
#10 ...

#18 [context datasets] load from client
#18 transferring datasets: 8.62GB 1158.7s
#18 ...

#13 [context datasets] load from client
#13 ...

#17 [context datasets] load from client
#17 ...

#15 [context datasets] load from client
#15 ...

#8 [context datasets] load from client
#8 ...

#15 [context datasets] load from client
#15 ...

#11 [context datasets] load from client
#11 ...

#15 [context datasets] load from client
#15 ...

#14 [context datasets] load from client
#14 ...

#16 [context datasets] load from client
#16 ...

#14 [context datasets] load from client
#14 ...

#12 [context datasets] load from client
#12 ...

#9 [context datasets] load from client
#9 ...

#16 [context datasets] load from client
#16 transferring datasets: 8.70GB 1163.8s
#16 ...

#19 [context datasets] load from client
#19 ...

#10 [context datasets] load from client
#10 ...

#19 [context datasets] load from client
#19 transferring datasets: 8.70GB 1168.8s
#19 ...

#13 [context datasets] load from client
#13 ...

#18 [context datasets] load from client
#18 ...

#19 [context datasets] load from client
#19 ...

#17 [context datasets] load from client
#17 ...

#8 [context datasets] load from client
#8 ...

#17 [context datasets] load from client
#17 ...

#11 [context datasets] load from client
#11 ...

#17 [context datasets] load from client
#17 ...

#15 [context datasets] load from client
#15 ...

#17 [context datasets] load from client
#17 ...

#14 [context datasets] load from client
#14 ...

#12 [context datasets] load from client
#12 ...

#9 [context datasets] load from client
#9 ...

#12 [context datasets] load from client
#12 transferring datasets: 8.78GB 1173.9s
#12 ...

#16 [context datasets] load from client
#16 ...

#12 [context datasets] load from client
#12 ...

#10 [context datasets] load from client
#10 ...

#16 [context datasets] load from client
#16 transferring datasets: 8.82GB 1179.0s
#16 ...

#18 [context datasets] load from client
#18 ...

#13 [context datasets] load from client
#13 ...

#16 [context datasets] load from client
#16 ...

#19 [context datasets] load from client
#19 ...

#8 [context datasets] load from client
#8 ...

#19 [context datasets] load from client
#19 ...

#11 [context datasets] load from client
#11 ...

#19 [context datasets] load from client
#19 ...

#15 [context datasets] load from client
#15 ...

#11 [context datasets] load from client
#11 ...

#17 [context datasets] load from client
#17 ...

#14 [context datasets] load from client
#14 ...

#17 [context datasets] load from client
#17 ...

#9 [context datasets] load from client
#9 ...

#15 [context datasets] load from client
#15 transferring datasets: 8.76GB 1184.2s
#15 ...

#12 [context datasets] load from client
#12 ...

#10 [context datasets] load from client
#10 ...

#15 [context datasets] load from client
#15 transferring datasets: 8.78GB 1189.3s
#15 ...

#18 [context datasets] load from client
#18 ...

#13 [context datasets] load from client
#13 ...

#18 [context datasets] load from client
#18 ...

#16 [context datasets] load from client
#16 ...

#8 [context datasets] load from client
#8 ...

#18 [context datasets] load from client
#18 ...

#11 [context datasets] load from client
#11 ...

#19 [context datasets] load from client
#19 ...

#18 [context datasets] load from client
#18 ...

#9 [context datasets] load from client
#9 ...

#17 [context datasets] load from client
#17 ...

#14 [context datasets] load from client
#14 ...

#10 [context datasets] load from client
#10 ...

#14 [context datasets] load from client
#14 transferring datasets: 8.87GB 1194.4s
#14 ...

#12 [context datasets] load from client
#12 ...

#14 [context datasets] load from client
#14 transferring datasets: 8.90GB 1199.5s
#14 ...

#15 [context datasets] load from client
#15 ...

#14 [context datasets] load from client
#14 ...

#13 [context datasets] load from client
#13 ...

#14 [context datasets] load from client
#14 ...

#16 [context datasets] load from client
#16 ...

#14 [context datasets] load from client
#14 ...

#8 [context datasets] load from client
#8 ...

#14 [context datasets] load from client
#14 ...

#11 [context datasets] load from client
#11 ...

#10 [context datasets] load from client
#10 ...

#19 [context datasets] load from client
#19 ...

#10 [context datasets] load from client
#10 ...

#9 [context datasets] load from client
#9 ...

#18 [context datasets] load from client
#18 ...

#17 [context datasets] load from client
#17 ...

#9 [context datasets] load from client
#9 transferring datasets: 8.95GB 1204.7s
#9 ...

#12 [context datasets] load from client
#12 ...

#9 [context datasets] load from client
#9 transferring datasets: 8.98GB 1209.7s
#9 ...

#15 [context datasets] load from client
#15 ...

#13 [context datasets] load from client
#13 ...

#15 [context datasets] load from client
#15 ...

#16 [context datasets] load from client
#16 ...

#9 [context datasets] load from client
#9 ...

#8 [context datasets] load from client
#8 ...

#19 [context datasets] load from client
#19 ...

#8 [context datasets] load from client
#8 ...

#14 [context datasets] load from client
#14 ...

#11 [context datasets] load from client
#11 ...

#14 [context datasets] load from client
#14 ...

#10 [context datasets] load from client
#10 ...

#18 [context datasets] load from client
#18 ...

#17 [context datasets] load from client
#17 ...

#10 [context datasets] load from client
#10 transferring datasets: 8.97GB 1214.8s
#10 ...

#12 [context datasets] load from client
#12 ...

#10 [context datasets] load from client
#10 transferring datasets: 8.99GB 1220.4s
#10 ...

#13 [context datasets] load from client
#13 ...

#8 [context datasets] load from client
#8 ...

#15 [context datasets] load from client
#15 ...

#16 [context datasets] load from client
#16 ...

#15 [context datasets] load from client
#15 ...

#9 [context datasets] load from client
#9 ...

#15 [context datasets] load from client
#15 ...

#19 [context datasets] load from client
#19 ...

#8 [context datasets] load from client
#8 ...

#11 [context datasets] load from client
#11 ...

#8 [context datasets] load from client
#8 ...

#14 [context datasets] load from client
#14 ...

#16 [context datasets] load from client
#16 ...

#18 [context datasets] load from client
#18 ...

#17 [context datasets] load from client
#17 ...

#18 [context datasets] load from client
#18 transferring datasets: 8.98GB 1225.3s
#18 ...

#12 [context datasets] load from client
#12 ...

#18 [context datasets] load from client
#18 transferring datasets: 9.02GB 1230.4s
#18 ...

#10 [context datasets] load from client
#10 ...

#13 [context datasets] load from client
#13 ...

#10 [context datasets] load from client
#10 ...

#9 [context datasets] load from client
#9 ...

#15 [context datasets] load from client
#15 ...

#19 [context datasets] load from client
#19 ...

#15 [context datasets] load from client
#15 ...

#11 [context datasets] load from client
#11 ...

#15 [context datasets] load from client
#15 ...

#8 [context datasets] load from client
#8 ...

#15 [context datasets] load from client
#15 ...

#14 [context datasets] load from client
#14 ...

#16 [context datasets] load from client
#16 ...

#17 [context datasets] load from client
#17 ...

#14 [context datasets] load from client
#14 transferring datasets: 9.10GB 1235.5s
#14 ...

#12 [context datasets] load from client
#12 ...

#14 [context datasets] load from client
#14 transferring datasets: 9.13GB 1240.6s
#14 ...

#18 [context datasets] load from client
#18 ...

#14 [context datasets] load from client
#14 ...

#13 [context datasets] load from client
#13 ...

#10 [context datasets] load from client
#10 ...

#13 [context datasets] load from client
#13 ...

#9 [context datasets] load from client
#9 ...

#14 [context datasets] load from client
#14 ...

#19 [context datasets] load from client
#19 ...

#14 [context datasets] load from client
#14 ...

#11 [context datasets] load from client
#11 ...

#14 [context datasets] load from client
#14 ...

#8 [context datasets] load from client
#8 ...

#15 [context datasets] load from client
#15 ...

#16 [context datasets] load from client
#16 ...

#15 [context datasets] load from client
#15 ...

#17 [context datasets] load from client
#17 ...

#16 [context datasets] load from client
#16 transferring datasets: 9.17GB 1245.7s
#16 ...

#12 [context datasets] load from client
#12 ...

#16 [context datasets] load from client
#16 transferring datasets: 9.21GB 1250.8s
#16 ...

#18 [context datasets] load from client
#18 ...

#16 [context datasets] load from client
#16 ...

#10 [context datasets] load from client
#10 ...

#15 [context datasets] load from client
#15 ...

#13 [context datasets] load from client
#13 ...

#10 [context datasets] load from client
#10 ...

#9 [context datasets] load from client
#9 ...

#19 [context datasets] load from client
#19 ...

#12 [context datasets] load from client
#12 ...

#14 [context datasets] load from client
#14 ...

#12 [context datasets] load from client
#12 ...

#11 [context datasets] load from client
#11 ...

#8 [context datasets] load from client
#8 ...

#11 [context datasets] load from client
#11 ...

#17 [context datasets] load from client
#17 ...

#11 [context datasets] load from client
#11 transferring datasets: 9.18GB 1255.9s
#11 ...

#19 [context datasets] load from client
#19 ...

#11 [context datasets] load from client
#11 transferring datasets: 9.20GB 1261.0s
#11 ...

#18 [context datasets] load from client
#18 ...

#15 [context datasets] load from client
#15 ...

#11 [context datasets] load from client
#11 ...

#16 [context datasets] load from client
#16 ...

#11 [context datasets] load from client
#11 ...

#13 [context datasets] load from client
#13 ...

#10 [context datasets] load from client
#10 ...

#14 [context datasets] load from client
#14 ...

#9 [context datasets] load from client
#9 ...

#10 [context datasets] load from client
#10 ...

#12 [context datasets] load from client
#12 ...

#10 [context datasets] load from client
#10 ...

#8 [context datasets] load from client
#8 ...

#12 [context datasets] load from client
#12 ...

#17 [context datasets] load from client
#17 ...

#16 [context datasets] load from client
#16 transferring datasets: 9.28GB 1266.0s
#16 ...

#18 [context datasets] load from client
#18 ...

#16 [context datasets] load from client
#16 ...

#19 [context datasets] load from client
#19 ...

#16 [context datasets] load from client
#16 transferring datasets: 9.30GB 1271.1s
#16 ...

#15 [context datasets] load from client
#15 ...

#16 [context datasets] load from client
#16 ...

#11 [context datasets] load from client
#11 ...

#17 [context datasets] load from client
#17 ...

#16 [context datasets] load from client
#16 ...

#13 [context datasets] load from client
#13 ...

#14 [context datasets] load from client
#14 ...

#9 [context datasets] load from client
#9 ...

#14 [context datasets] load from client
#14 ...

#10 [context datasets] load from client
#10 ...

#8 [context datasets] load from client
#8 ...

#10 [context datasets] load from client
#10 ...

#12 [context datasets] load from client
#12 ...

#10 [context datasets] load from client
#10 transferring datasets: 9.32GB 1276.2s
#10 ...

#18 [context datasets] load from client
#18 ...

#13 [context datasets] load from client
#13 ...

#18 [context datasets] load from client
#18 ...

#19 [context datasets] load from client
#19 ...

#11 [context datasets] load from client
#11 ...

#18 [context datasets] load from client
#18 transferring datasets: 9.32GB 1281.3s
#18 ...

#15 [context datasets] load from client
#15 ...

#18 [context datasets] load from client
#18 ...

#17 [context datasets] load from client
#17 ...

#16 [context datasets] load from client
#16 ...

#17 [context datasets] load from client
#17 ...

#9 [context datasets] load from client
#9 ...

#17 [context datasets] load from client
#17 ...

#14 [context datasets] load from client
#14 ...

#8 [context datasets] load from client
#8 ...

#14 [context datasets] load from client
#14 ...

#12 [context datasets] load from client
#12 ...

#14 [context datasets] load from client
#14 transferring datasets: 9.39GB 1286.4s
#14 ...

#10 [context datasets] load from client
#10 ...

#12 [context datasets] load from client
#12 ...

#13 [context datasets] load from client
#13 ...

#12 [context datasets] load from client
#12 ...

#19 [context datasets] load from client
#19 transferring datasets: 9.39GB 1291.4s
#19 ...

#11 [context datasets] load from client
#11 ...

#9 [context datasets] load from client
#9 ...

#19 [context datasets] load from client
#19 ...

#15 [context datasets] load from client
#15 ...

#16 [context datasets] load from client
#16 ...

#18 [context datasets] load from client
#18 ...

#16 [context datasets] load from client
#16 ...

#17 [context datasets] load from client
#17 ...

#8 [context datasets] load from client
#8 ...

#17 [context datasets] load from client
#17 transferring datasets: 9.43GB 1296.5s
#17 ...

#10 [context datasets] load from client
#10 ...

#14 [context datasets] load from client
#14 ...

#10 [context datasets] load from client
#10 ...

#13 [context datasets] load from client
#13 ...

#10 [context datasets] load from client
#10 ...

#12 [context datasets] load from client
#12 ...

#10 [context datasets] load from client
#10 transferring datasets: 9.48GB 1301.6s
#10 ...

#11 [context datasets] load from client
#11 ...

#9 [context datasets] load from client
#9 ...

#14 [context datasets] load from client
#14 ...

#19 [context datasets] load from client
#19 ...

#14 [context datasets] load from client
#14 ...

#15 [context datasets] load from client
#15 ...

#19 [context datasets] load from client
#19 ...

#18 [context datasets] load from client
#18 ...

#19 [context datasets] load from client
#19 ...

#16 [context datasets] load from client
#16 ...

#8 [context datasets] load from client
#8 ...

#16 [context datasets] load from client
#16 transferring datasets: 9.53GB 1306.7s
#16 ...

#17 [context datasets] load from client
#17 ...

#8 [context datasets] load from client
#8 ...

#13 [context datasets] load from client
#13 ...

#8 [context datasets] load from client
#8 ...

#12 [context datasets] load from client
#12 ...

#8 [context datasets] load from client
#8 ...

#10 [context datasets] load from client
#10 transferring datasets: 9.53GB 1311.8s
#10 ...

#9 [context datasets] load from client
#9 ...

#11 [context datasets] load from client
#11 ...

#10 [context datasets] load from client
#10 ...

#14 [context datasets] load from client
#14 ...

#10 [context datasets] load from client
#10 ...

#15 [context datasets] load from client
#15 ...

#17 [context datasets] load from client
#17 ...

#18 [context datasets] load from client
#18 ...

#15 [context datasets] load from client
#15 ...

#19 [context datasets] load from client
#19 ...

#15 [context datasets] load from client
#15 transferring datasets: 9.48GB 1316.7s
#15 ...

#16 [context datasets] load from client
#16 ...

#15 [context datasets] load from client
#15 ...

#13 [context datasets] load from client
#13 ...

#15 [context datasets] load from client
#15 ...

#12 [context datasets] load from client
#12 ...

#15 [context datasets] load from client
#15 transferring datasets: 9.50GB 1321.8s
#15 ...

#8 [context datasets] load from client
#8 ...

#14 [context datasets] load from client
#14 ...

#9 [context datasets] load from client
#9 ...

#11 [context datasets] load from client
#11 ...

#9 [context datasets] load from client
#9 ...

#10 [context datasets] load from client
#10 ...

#15 [context datasets] load from client
#15 ...

#18 [context datasets] load from client
#18 ...

#17 [context datasets] load from client
#17 ...

#15 [context datasets] load from client
#15 ...

#19 [context datasets] load from client
#19 ...

#15 [context datasets] load from client
#15 transferring datasets: 9.54GB 1326.8s
#15 ...

#16 [context datasets] load from client
#16 ...

#15 [context datasets] load from client
#15 ...

#13 [context datasets] load from client
#13 ...

#15 [context datasets] load from client
#15 ...

#12 [context datasets] load from client
#12 transferring datasets: 9.67GB 1331.8s
#12 ...

#15 [context datasets] load from client
#15 ...

#8 [context datasets] load from client
#8 ...

#18 [context datasets] load from client
#18 ...

#14 [context datasets] load from client
#14 ...

#15 [context datasets] load from client
#15 ...

#11 [context datasets] load from client
#11 ...

#14 [context datasets] load from client
#14 ...

#10 [context datasets] load from client
#10 ...

#9 [context datasets] load from client
#9 ...

#10 [context datasets] load from client
#10 ...

#17 [context datasets] load from client
#17 ...

#14 [context datasets] load from client
#14 ...

#19 [context datasets] load from client
#19 ...

#14 [context datasets] load from client
#14 transferring datasets: 9.68GB 1337.0s
#14 ...

#16 [context datasets] load from client
#16 ...

#14 [context datasets] load from client
#14 ...

#13 [context datasets] load from client
#13 ...

#14 [context datasets] load from client
#14 transferring datasets: 9.72GB 1342.0s
#14 ...

#12 [context datasets] load from client
#12 ...

#14 [context datasets] load from client
#14 ...

#8 [context datasets] load from client
#8 ...

#18 [context datasets] load from client
#18 ...

#8 [context datasets] load from client
#8 ...

#11 [context datasets] load from client
#11 ...

#15 [context datasets] load from client
#15 ...

#8 [context datasets] load from client
#8 ...

#9 [context datasets] load from client
#9 ...

#8 [context datasets] load from client
#8 ...

#10 [context datasets] load from client
#10 ...

#17 [context datasets] load from client
#17 ...

#8 [context datasets] load from client
#8 ...

#19 [context datasets] load from client
#19 ...

#10 [context datasets] load from client
#10 transferring datasets: 9.75GB 1347.1s
#10 ...

#16 [context datasets] load from client
#16 ...

#13 [context datasets] load from client
#13 ...

#16 [context datasets] load from client
#16 transferring datasets: 9.80GB 1352.1s
#16 ...

#12 [context datasets] load from client
#12 ...

#14 [context datasets] load from client
#14 ...

#12 [context datasets] load from client
#12 ...

#18 [context datasets] load from client
#18 ...

#12 [context datasets] load from client
#12 ...

#15 [context datasets] load from client
#15 ...

#11 [context datasets] load from client
#11 ...

#12 [context datasets] load from client
#12 ...

#9 [context datasets] load from client
#9 ...

#11 [context datasets] load from client
#11 ...

#17 [context datasets] load from client
#17 ...

#11 [context datasets] load from client
#11 ...

#19 [context datasets] load from client
#19 ...

#8 [context datasets] load from client
#8 ...

#15 [context datasets] load from client
#15 transferring datasets: 9.72GB 1357.2s
#15 ...

#10 [context datasets] load from client
#10 ...

#15 [context datasets] load from client
#15 ...

#13 [context datasets] load from client
#13 ...

#12 [context datasets] load from client
#12 ...

#15 [context datasets] load from client
#15 transferring datasets: 9.75GB 1362.2s
#15 ...

#16 [context datasets] load from client
#16 ...

#15 [context datasets] load from client
#15 ...

#14 [context datasets] load from client
#14 ...

#15 [context datasets] load from client
#15 ...

#18 [context datasets] load from client
#18 ...

#15 [context datasets] load from client
#15 ...

#9 [context datasets] load from client
#9 ...

#18 [context datasets] load from client
#18 ...

#17 [context datasets] load from client
#17 ...

#9 [context datasets] load from client
#9 ...

#11 [context datasets] load from client
#11 ...

#19 [context datasets] load from client
#19 ...

#8 [context datasets] load from client
#8 ...

#18 [context datasets] load from client
#18 transferring datasets: 9.82GB 1367.3s
#18 ...

#10 [context datasets] load from client
#10 ...

#8 [context datasets] load from client
#8 ...

#13 [context datasets] load from client
#13 ...

#12 [context datasets] load from client
#12 ...

#13 [context datasets] load from client
#13 transferring datasets: 9.87GB 1372.4s
#13 ...

#16 [context datasets] load from client
#16 ...

#13 [context datasets] load from client
#13 ...

#14 [context datasets] load from client
#14 ...

#13 [context datasets] load from client
#13 ...

#15 [context datasets] load from client
#15 ...

#13 [context datasets] load from client
#13 ...

#17 [context datasets] load from client
#17 ...

#8 [context datasets] load from client
#8 ...

#17 [context datasets] load from client
#17 ...

#9 [context datasets] load from client
#9 ...

#11 [context datasets] load from client
#11 ...

#14 [context datasets] load from client
#14 ...

#19 [context datasets] load from client
#19 ...

#14 [context datasets] load from client
#14 transferring datasets: 9.90GB 1377.5s
#14 ...

#18 [context datasets] load from client
#18 ...

#10 [context datasets] load from client
#10 ...

#18 [context datasets] load from client
#18 ...

#12 [context datasets] load from client
#12 ...

#18 [context datasets] load from client
#18 transferring datasets: 9.91GB 1382.4s
#18 ...

#16 [context datasets] load from client
#16 ...

#18 [context datasets] load from client
#18 ...

#15 [context datasets] load from client
#15 ...

#18 [context datasets] load from client
#18 ...

#13 [context datasets] load from client
#13 ...

#18 [context datasets] load from client
#18 ...

#8 [context datasets] load from client
#8 ...

#18 [context datasets] load from client
#18 ...

#17 [context datasets] load from client
#17 ...

#18 [context datasets] load from client
#18 ...

#9 [context datasets] load from client
#9 ...

#17 [context datasets] load from client
#17 ...

#11 [context datasets] load from client
#11 ...

#19 [context datasets] load from client
#19 ...

#11 [context datasets] load from client
#11 transferring datasets: 9.94GB 1387.6s
#11 ...

#14 [context datasets] load from client
#14 ...

#11 [context datasets] load from client
#11 ...

#10 [context datasets] load from client
#10 ...

#14 [context datasets] load from client
#14 ...

#12 [context datasets] load from client
#12 ...

#14 [context datasets] load from client
#14 transferring datasets: 10.01GB 1392.6s
#14 ...

#16 [context datasets] load from client
#16 ...

#14 [context datasets] load from client
#14 ...

#15 [context datasets] load from client
#15 ...

#14 [context datasets] load from client
#14 ...

#13 [context datasets] load from client
#13 ...

#15 [context datasets] load from client
#15 ...

#8 [context datasets] load from client
#8 ...

#15 [context datasets] load from client
#15 ...

#18 [context datasets] load from client
#18 ...

#9 [context datasets] load from client
#9 ...

#15 [context datasets] load from client
#15 ...

#17 [context datasets] load from client
#17 ...

#15 [context datasets] load from client
#15 ...

#19 [context datasets] load from client
#19 ...

#17 [context datasets] load from client
#17 transferring datasets: 10.04GB 1397.6s
#17 ...

#11 [context datasets] load from client
#11 ...

#10 [context datasets] load from client
#10 ...

#17 [context datasets] load from client
#17 ...

#12 [context datasets] load from client
#12 ...

#17 [context datasets] load from client
#17 transferring datasets: 10.06GB 1402.9s
#17 ...

#16 [context datasets] load from client
#16 ...

#17 [context datasets] load from client
#17 ...

#14 [context datasets] load from client
#14 ...

#13 [context datasets] load from client
#13 ...

#14 [context datasets] load from client
#14 ...

#8 [context datasets] load from client
#8 ...

#17 [context datasets] load from client
#17 ...

#18 [context datasets] load from client
#18 ...

#9 [context datasets] load from client
#9 ...

#18 [context datasets] load from client
#18 ...

#15 [context datasets] load from client
#15 ...

#19 [context datasets] load from client
#19 ...

#9 [context datasets] load from client
#9 transferring datasets: 10.15GB 1408.0s
#9 ...

#11 [context datasets] load from client
#11 ...

#16 [context datasets] load from client
#16 ...

#10 [context datasets] load from client
#10 ...

#16 [context datasets] load from client
#16 ...

#12 [context datasets] load from client
#12 ...

#16 [context datasets] load from client
#16 transferring datasets: 10.15GB 1413.0s
#16 ...

#13 [context datasets] load from client
#13 ...

#16 [context datasets] load from client
#16 ...

#8 [context datasets] load from client
#8 ...

#14 [context datasets] load from client
#14 ...

#8 [context datasets] load from client
#8 ...

#17 [context datasets] load from client
#17 ...

#8 [context datasets] load from client
#8 ...

#18 [context datasets] load from client
#18 ...

#15 [context datasets] load from client
#15 ...

#19 [context datasets] load from client
#19 ...

#18 [context datasets] load from client
#18 transferring datasets: 10.12GB 1418.0s
#18 ...

#9 [context datasets] load from client
#9 ...

#11 [context datasets] load from client
#11 ...

#10 [context datasets] load from client
#10 ...

#12 [context datasets] load from client
#12 ...

#10 [context datasets] load from client
#10 transferring datasets: 10.16GB 1423.1s
#10 ...

#13 [context datasets] load from client
#13 ...

#10 [context datasets] load from client
#10 ...

#16 [context datasets] load from client
#16 ...

#10 [context datasets] load from client
#10 ...

#14 [context datasets] load from client
#14 ...

#13 [context datasets] load from client
#13 ...

#17 [context datasets] load from client
#17 ...

#13 [context datasets] load from client
#13 ...

#15 [context datasets] load from client
#15 ...

#19 [context datasets] load from client
#19 ...

#8 [context datasets] load from client
#8 ...

#15 [context datasets] load from client
#15 transferring datasets: 10.11GB 1428.2s
#15 ...

#18 [context datasets] load from client
#18 ...

#9 [context datasets] load from client
#9 ...

#15 [context datasets] load from client
#15 ...

#11 [context datasets] load from client
#11 ...

#12 [context datasets] load from client
#12 ...

#11 [context datasets] load from client
#11 transferring datasets: 10.19GB 1433.3s
#11 ...

#18 [context datasets] load from client
#18 ...

#11 [context datasets] load from client
#11 ...

#16 [context datasets] load from client
#16 ...

#11 [context datasets] load from client
#11 ...

#10 [context datasets] load from client
#10 ...

#11 [context datasets] load from client
#11 ...

#14 [context datasets] load from client
#14 ...

#11 [context datasets] load from client
#11 ...

#17 [context datasets] load from client
#17 ...

#11 [context datasets] load from client
#11 ...

#13 [context datasets] load from client
#13 ...

#11 [context datasets] load from client
#11 ...

#19 [context datasets] load from client
#19 ...

#11 [context datasets] load from client
#11 ...

#8 [context datasets] load from client
#8 ...

#11 [context datasets] load from client
#11 transferring datasets: 10.24GB 1438.4s
#11 ...

#9 [context datasets] load from client
#9 ...

#15 [context datasets] load from client
#15 ...

#12 [context datasets] load from client
#12 ...

#15 [context datasets] load from client
#15 transferring datasets: 10.22GB 1443.4s
#15 ...

#8 [context datasets] load from client
#8 transferring datasets: 10.74GB 1444.9s done
#8 DONE 1446.1s

#16 [context datasets] load from client
#16 ...

#18 [context datasets] load from client
#18 ...

#15 [context datasets] load from client
#15 ...

#10 [context datasets] load from client
#10 ...

#14 [context datasets] load from client
#14 ...

#15 [context datasets] load from client
#15 ...

#17 [context datasets] load from client
#17 ...

#15 [context datasets] load from client
#15 ...

#13 [context datasets] load from client
#13 ...

#14 [context datasets] load from client
#14 ...

#19 [context datasets] load from client
#19 ...

#14 [context datasets] load from client
#14 transferring datasets: 10.35GB 1449.8s
#14 ...

#11 [context datasets] load from client
#11 ...

#14 [context datasets] load from client
#14 ...

#9 [context datasets] load from client
#9 ...

#12 [context datasets] load from client
#12 ...

#9 [context datasets] load from client
#9 transferring datasets: 10.43GB 1454.8s
#9 ...

#16 [context datasets] load from client
#16 ...

#10 [context datasets] load from client
#10 ...

#18 [context datasets] load from client
#18 ...

#10 [context datasets] load from client
#10 ...

#17 [context datasets] load from client
#17 ...

#15 [context datasets] load from client
#15 ...

#13 [context datasets] load from client
#13 ...

#15 [context datasets] load from client
#15 ...

#19 [context datasets] load from client
#19 ...

#15 [context datasets] load from client
#15 transferring datasets: 10.32GB 1459.8s
#15 ...

#11 [context datasets] load from client
#11 ...

#15 [context datasets] load from client
#15 ...

#14 [context datasets] load from client
#14 ...

#11 [context datasets] load from client
#11 ...

#12 [context datasets] load from client
#12 ...

#11 [context datasets] load from client
#11 transferring datasets: 10.39GB 1464.9s
#11 ...

#9 [context datasets] load from client
#9 ...

#16 [context datasets] load from client
#16 ...

#11 [context datasets] load from client
#11 ...

#18 [context datasets] load from client
#18 ...

#11 [context datasets] load from client
#11 ...

#10 [context datasets] load from client
#10 ...

#17 [context datasets] load from client
#17 ...

#13 [context datasets] load from client
#13 ...

#12 [context datasets] load from client
#12 ...

#19 [context datasets] load from client
#19 ...

#13 [context datasets] load from client
#13 transferring datasets: 10.45GB 1470.0s
#13 ...

#15 [context datasets] load from client
#15 ...

#17 [context datasets] load from client
#17 ...

#14 [context datasets] load from client
#14 ...

#15 [context datasets] load from client
#15 transferring datasets: 10.40GB 1475.0s
#15 ...

#9 [context datasets] load from client
#9 ...

#16 [context datasets] load from client
#16 ...

#9 [context datasets] load from client
#9 ...

#18 [context datasets] load from client
#18 ...

#9 [context datasets] load from client
#9 ...

#11 [context datasets] load from client
#11 ...

#9 [context datasets] load from client
#9 ...

#10 [context datasets] load from client
#10 ...

#9 [context datasets] load from client
#9 ...

#12 [context datasets] load from client
#12 ...

#19 [context datasets] load from client
#19 ...

#12 [context datasets] load from client
#12 transferring datasets: 10.53GB 1479.9s
#12 ...

#17 [context datasets] load from client
#17 ...

#13 [context datasets] load from client
#13 ...

#14 [context datasets] load from client
#14 ...

#19 [context datasets] load from client
#19 ...

#14 [context datasets] load from client
#14 transferring datasets: 10.53GB 1485.1s
#14 ...

#15 [context datasets] load from client
#15 ...

#16 [context datasets] load from client
#16 ...

#14 [context datasets] load from client
#14 ...

#18 [context datasets] load from client
#18 ...

#15 [context datasets] load from client
#15 ...

#11 [context datasets] load from client
#11 ...

#15 [context datasets] load from client
#15 ...

#10 [context datasets] load from client
#10 ...

#15 [context datasets] load from client
#15 ...

#9 [context datasets] load from client
#9 ...

#10 [context datasets] load from client
#10 transferring datasets: 10.55GB 1490.1s
#10 ...

#12 [context datasets] load from client
#12 ...

#17 [context datasets] load from client
#17 ...

#12 [context datasets] load from client
#12 ...

#13 [context datasets] load from client
#13 ...

#17 [context datasets] load from client
#17 ...

#19 [context datasets] load from client
#19 ...

#11 [context datasets] load from client
#11 ...

#19 [context datasets] load from client
#19 transferring datasets: 10.57GB 1495.1s
#19 ...

#16 [context datasets] load from client
#16 ...

#19 [context datasets] load from client
#19 ...

#14 [context datasets] load from client
#14 ...

#19 [context datasets] load from client
#19 ...

#18 [context datasets] load from client
#18 ...

#14 [context datasets] load from client
#14 ...

#9 [context datasets] load from client
#9 ...

#15 [context datasets] load from client
#15 ...

#9 [context datasets] load from client
#9 transferring datasets: 10.70GB 1500.3s
#9 ...

#10 [context datasets] load from client
#10 ...

#9 [context datasets] load from client
#9 ...

#13 [context datasets] load from client
#13 ...

#12 [context datasets] load from client
#12 ...

#9 [context datasets] load from client
#9 ...

#17 [context datasets] load from client
#17 ...

#11 [context datasets] load from client
#11 ...

#17 [context datasets] load from client
#17 transferring datasets: 10.66GB 1505.2s
#17 ...

#16 [context datasets] load from client
#16 ...

#17 [context datasets] load from client
#17 ...

#19 [context datasets] load from client
#19 ...

#18 [context datasets] load from client
#18 ...

#19 [context datasets] load from client
#19 ...

#14 [context datasets] load from client
#14 ...

#17 [context datasets] load from client
#17 ...

#15 [context datasets] load from client
#15 ...

#17 [context datasets] load from client
#17 ...

#9 [context datasets] load from client
#9 transferring datasets: 10.74GB 1508.6s done
#9 DONE 1510.0s

#17 [context datasets] load from client
#17 ...

#10 [context datasets] load from client
#10 ...

#19 [context datasets] load from client
#19 ...

#13 [context datasets] load from client
#13 ...

#12 [context datasets] load from client
#12 ...

#13 [context datasets] load from client
#13 transferring datasets: 10.71GB 1513.7s
#13 ...

#12 [context datasets] load from client
#12 transferring datasets: 10.74GB 1513.0s done
#12 DONE 1514.3s

#13 [context datasets] load from client
#13 ...

#16 [context datasets] load from client
#16 transferring datasets: 10.74GB 1514.4s done
#16 DONE 1515.2s

#13 [context datasets] load from client
#13 ...

#11 [context datasets] load from client
#11 ...

#13 [context datasets] load from client
#13 ...

#14 [context datasets] load from client
#14 transferring datasets: 10.74GB 1516.7s done
#14 DONE 1517.1s

#13 [context datasets] load from client
#13 transferring datasets: 10.74GB 1517.4s done
#13 DONE 1517.8s

#11 [context datasets] load from client
#11 ...

#17 [context datasets] load from client
#17 transferring datasets: 10.74GB 1517.5s done
#17 DONE 1518.1s

#11 [context datasets] load from client
#11 ...

#10 [context datasets] load from client
#10 transferring datasets: 10.74GB 1517.7s done
#10 DONE 1518.2s

#11 [context datasets] load from client
#11 ...

#18 [context datasets] load from client
#18 ...

#11 [context datasets] load from client
#11 ...

#19 [context datasets] load from client
#19 transferring datasets: 10.74GB 1518.5s done
#19 DONE 1518.9s

#11 [context datasets] load from client
#11 ...

#18 [context datasets] load from client
#18 transferring datasets: 10.74GB 1518.6s done
#18 DONE 1519.1s

#11 [context datasets] load from client
#11 transferring datasets: 10.74GB 1519.0s done
#11 DONE 1519.3s

#15 [context datasets] load from client
#15 transferring datasets: 10.74GB 1520.7s done
#15 DONE 1521.9s

#20 [stage-0  2/13] COPY --from=datasets probe-chunk-01.bin /data/
#20 DONE 232.4s

#21 [stage-0  3/13] COPY --from=datasets probe-chunk-02.bin /data/
#21 DONE 174.5s

#22 [stage-0  4/13] COPY --from=datasets probe-chunk-03.bin /data/
#22 DONE 39.9s

#23 [stage-0  5/13] COPY --from=datasets probe-chunk-04.bin /data/
#23 DONE 45.4s

#24 [stage-0  6/13] COPY --from=datasets probe-chunk-05.bin /data/
#24 DONE 36.7s

#25 [stage-0  7/13] COPY --from=datasets probe-chunk-06.bin /data/
#25 DONE 42.5s

#26 [stage-0  8/13] COPY --from=datasets probe-chunk-07.bin /data/
#26 DONE 35.0s

#27 [stage-0  9/13] COPY --from=datasets probe-chunk-08.bin /data/
#27 DONE 36.2s

#28 [stage-0 10/13] COPY --from=datasets probe-chunk-09.bin /data/
#28 DONE 51.7s

#29 [stage-0 11/13] COPY --from=datasets probe-chunk-10.bin /data/
#29 DONE 206.6s

#30 [stage-0 12/13] COPY --from=datasets probe-chunk-11.bin /data/
#30 DONE 60.1s

#31 [stage-0 13/13] COPY --from=datasets probe-chunk-12.bin /data/
#31 DONE 30.4s

#32 exporting to image
#32 exporting layers
[2026-08-05T18:45:46Z] probe start; /dev/vda1       1.3T  520G  661G  44% /
exists: datasets-probe/probe-chunk-01.bin
exists: datasets-probe/probe-chunk-02.bin
exists: datasets-probe/probe-chunk-03.bin
exists: datasets-probe/probe-chunk-04.bin
exists: datasets-probe/probe-chunk-05.bin
exists: datasets-probe/probe-chunk-06.bin
exists: datasets-probe/probe-chunk-07.bin
exists: datasets-probe/probe-chunk-08.bin
exists: datasets-probe/probe-chunk-09.bin
exists: datasets-probe/probe-chunk-10.bin
exists: datasets-probe/probe-chunk-11.bin
exists: datasets-probe/probe-chunk-12.bin
wrote images/probe/synthetic/Dockerfile.generated (12 COPY lines)
[2026-08-05T18:45:46Z] chunks done; /dev/vda1       1.3T  520G  661G  44% /
#0 building with "default" instance using docker driver

#1 [internal] load build definition from Dockerfile.generated
#1 transferring dockerfile: 759B done
#1 DONE 0.0s

#2 resolve image config for docker-image://docker.io/docker/dockerfile:1
#2 DONE 0.3s

#3 docker-image://docker.io/docker/dockerfile:1@sha256:87999aa3d42bdc6bea60565083ee17e86d1f3339802f543c0d03998580f9cb89
#3 resolve docker.io/docker/dockerfile:1@sha256:87999aa3d42bdc6bea60565083ee17e86d1f3339802f543c0d03998580f9cb89 0.0s done
#3 CACHED

#4 [internal] load metadata for docker.io/library/busybox:latest
#4 ...

#5 [context datasets] load .dockerignore
#5 transferring datasets: 2B done
#5 DONE 0.0s

#4 [internal] load metadata for docker.io/library/busybox:latest
#4 DONE 0.2s

#6 [internal] load .dockerignore
#6 transferring context: 2B done
#6 DONE 0.0s

#7 [stage-0  1/13] FROM docker.io/library/busybox:latest@sha256:dc2d74b28e4cf8984fa52af1f39bc7c3d9c73760b41a74d629f5d11b1ab28616
#7 resolve docker.io/library/busybox:latest@sha256:dc2d74b28e4cf8984fa52af1f39bc7c3d9c73760b41a74d629f5d11b1ab28616 0.0s done
#7 DONE 0.0s

#8 [context datasets] load from client
#8 transferring datasets: 194.61MB 4.7s
#8 ...

#9 [context datasets] load from client
#9 ...

#8 [context datasets] load from client
#8 transferring datasets: 372.64MB 9.8s
#8 ...

#10 [context datasets] load from client
#10 ...

#11 [context datasets] load from client
#11 ...

#12 [context datasets] load from client
#12 ...

#13 [context datasets] load from client
#13 ...

#14 [context datasets] load from client
#14 ...

#15 [context datasets] load from client
#15 ...

#16 [context datasets] load from client
#16 ...

#17 [context datasets] load from client
#17 ...

#18 [context datasets] load from client
#18 ...

#19 [context datasets] load from client
#19 ...

#18 [context datasets] load from client
#18 transferring datasets: 512.19MB 14.6s
#18 ...

#9 [context datasets] load from client
#9 ...

#18 [context datasets] load from client
#18 transferring datasets: 684.03MB 19.6s
#18 ...

#10 [context datasets] load from client
#10 ...

#8 [context datasets] load from client
#8 ...

#11 [context datasets] load from client
#11 ...

#13 [context datasets] load from client
#13 ...

#12 [context datasets] load from client
#12 ...

#15 [context datasets] load from client
#15 ...

#14 [context datasets] load from client
#14 ...

#16 [context datasets] load from client
#16 ...

#17 [context datasets] load from client
#17 ...

#19 [context datasets] load from client
#19 ...

#17 [context datasets] load from client
#17 transferring datasets: 847.47MB 24.6s
#17 ...

#9 [context datasets] load from client
#9 ...

#17 [context datasets] load from client
#17 transferring datasets: 1.02GB 29.6s
#17 ...

#18 [context datasets] load from client
#18 ...

#10 [context datasets] load from client
#10 ...

#8 [context datasets] load from client
#8 ...

#11 [context datasets] load from client
#11 ...

#13 [context datasets] load from client
#13 ...

#12 [context datasets] load from client
#12 ...

#15 [context datasets] load from client
#15 ...

#14 [context datasets] load from client
#14 ...

#16 [context datasets] load from client
#16 ...

#17 [context datasets] load from client
#17 ...

#19 [context datasets] load from client
#19 ...

#17 [context datasets] load from client
#17 transferring datasets: 1.11GB 34.6s
#17 ...

#9 [context datasets] load from client
#9 ...

#17 [context datasets] load from client
#17 transferring datasets: 1.21GB 39.7s
#17 ...

#10 [context datasets] load from client
#10 ...

#18 [context datasets] load from client
#18 ...

#8 [context datasets] load from client
#8 ...

#11 [context datasets] load from client
#11 ...

#13 [context datasets] load from client
#13 ...

#12 [context datasets] load from client
#12 ...

#13 [context datasets] load from client
#13 ...

#15 [context datasets] load from client
#15 ...

#14 [context datasets] load from client
#14 ...

#16 [context datasets] load from client
#16 ...

#14 [context datasets] load from client
#14 ...

#19 [context datasets] load from client
#19 ...

#14 [context datasets] load from client
#14 transferring datasets: 1.34GB 44.9s
#14 ...

#9 [context datasets] load from client
#9 ...

#11 [context datasets] load from client
#11 ...

#9 [context datasets] load from client
#9 transferring datasets: 1.48GB 50.0s
#9 ...

#17 [context datasets] load from client
#17 ...

#10 [context datasets] load from client
#10 ...

#18 [context datasets] load from client
#18 ...

#8 [context datasets] load from client
#8 ...

#10 [context datasets] load from client
#10 ...

#12 [context datasets] load from client
#12 ...

#13 [context datasets] load from client
#13 ...

#15 [context datasets] load from client
#15 ...

#16 [context datasets] load from client
#16 ...

#15 [context datasets] load from client
#15 ...

#19 [context datasets] load from client
#19 ...

#15 [context datasets] load from client
#15 transferring datasets: 1.61GB 55.2s
#15 ...

#14 [context datasets] load from client
#14 ...

#15 [context datasets] load from client
#15 ...

#11 [context datasets] load from client
#11 ...

#15 [context datasets] load from client
#15 transferring datasets: 1.74GB 60.3s
#15 ...

#9 [context datasets] load from client
#9 ...

#17 [context datasets] load from client
#17 ...

#18 [context datasets] load from client
#18 ...

#9 [context datasets] load from client
#9 ...

#8 [context datasets] load from client
#8 ...

#9 [context datasets] load from client
#9 ...

#12 [context datasets] load from client
#12 ...

#13 [context datasets] load from client
#13 ...

#10 [context datasets] load from client
#10 ...

#16 [context datasets] load from client
#16 ...

#13 [context datasets] load from client
#13 ...

#19 [context datasets] load from client
#19 ...

#13 [context datasets] load from client
#13 transferring datasets: 1.88GB 65.4s
#13 ...

#14 [context datasets] load from client
#14 ...

#13 [context datasets] load from client
#13 ...

#11 [context datasets] load from client
#11 ...

#13 [context datasets] load from client
#13 transferring datasets: 2.03GB 70.5s
#13 ...

#15 [context datasets] load from client
#15 ...

#13 [context datasets] load from client
#13 ...

#17 [context datasets] load from client
#17 ...

#13 [context datasets] load from client
#13 ...

#8 [context datasets] load from client
#8 ...

#18 [context datasets] load from client
#18 ...

#9 [context datasets] load from client
#9 ...

#12 [context datasets] load from client
#12 ...

#10 [context datasets] load from client
#10 ...

#16 [context datasets] load from client
#16 ...

#12 [context datasets] load from client
#12 ...

#19 [context datasets] load from client
#19 ...

#12 [context datasets] load from client
#12 transferring datasets: 2.18GB 75.5s
#12 ...

#14 [context datasets] load from client
#14 ...

#12 [context datasets] load from client
#12 ...

#11 [context datasets] load from client
#11 ...

#12 [context datasets] load from client
#12 transferring datasets: 2.33GB 80.6s
#12 ...

#15 [context datasets] load from client
#15 ...

#12 [context datasets] load from client
#12 ...

#17 [context datasets] load from client
#17 ...

#13 [context datasets] load from client
#13 ...

#18 [context datasets] load from client
#18 ...

#8 [context datasets] load from client
#8 ...

#9 [context datasets] load from client
#9 ...

#18 [context datasets] load from client
#18 ...

#10 [context datasets] load from client
#10 ...

#16 [context datasets] load from client
#16 ...

#10 [context datasets] load from client
#10 ...

#19 [context datasets] load from client
#19 ...

#10 [context datasets] load from client
#10 transferring datasets: 2.47GB 85.7s
#10 ...

#14 [context datasets] load from client
#14 ...

#10 [context datasets] load from client
#10 ...

#11 [context datasets] load from client
#11 ...

#10 [context datasets] load from client
#10 transferring datasets: 2.61GB 90.7s
#10 ...

#15 [context datasets] load from client
#15 ...

#10 [context datasets] load from client
#10 ...

#12 [context datasets] load from client
#12 ...

#17 [context datasets] load from client
#17 ...

#13 [context datasets] load from client
#13 ...

#12 [context datasets] load from client
#12 ...

#8 [context datasets] load from client
#8 ...

#9 [context datasets] load from client
#9 ...

#18 [context datasets] load from client
#18 ...

#9 [context datasets] load from client
#9 ...

#16 [context datasets] load from client
#16 ...

#9 [context datasets] load from client
#9 ...

#19 [context datasets] load from client
#19 ...

#9 [context datasets] load from client
#9 transferring datasets: 2.76GB 95.7s
#9 ...

#14 [context datasets] load from client
#14 ...

#9 [context datasets] load from client
#9 ...

#11 [context datasets] load from client
#11 ...

#9 [context datasets] load from client
#9 transferring datasets: 2.88GB 100.8s
#9 ...

#15 [context datasets] load from client
#15 ...

#10 [context datasets] load from client
#10 ...

#15 [context datasets] load from client
#15 ...

#17 [context datasets] load from client
#17 ...

#13 [context datasets] load from client
#13 ...

#12 [context datasets] load from client
#12 ...

#8 [context datasets] load from client
#8 ...

#17 [context datasets] load from client
#17 ...

#18 [context datasets] load from client
#18 ...

#8 [context datasets] load from client
#8 ...

#16 [context datasets] load from client
#16 ...

#8 [context datasets] load from client
#8 ...

#19 [context datasets] load from client
#19 ...

#8 [context datasets] load from client
#8 transferring datasets: 3.05GB 106.0s
#8 ...

#14 [context datasets] load from client
#14 ...

#8 [context datasets] load from client
#8 ...

#11 [context datasets] load from client
#11 ...

#8 [context datasets] load from client
#8 transferring datasets: 3.18GB 111.1s
#8 ...

#9 [context datasets] load from client
#9 ...

#15 [context datasets] load from client
#15 ...

#10 [context datasets] load from client
#10 ...

#13 [context datasets] load from client
#13 ...

#10 [context datasets] load from client
#10 ...

#12 [context datasets] load from client
#12 ...

#17 [context datasets] load from client
#17 ...

#12 [context datasets] load from client
#12 ...

#18 [context datasets] load from client
#18 ...

#12 [context datasets] load from client
#12 ...

#16 [context datasets] load from client
#16 ...

#12 [context datasets] load from client
#12 ...

#19 [context datasets] load from client
#19 ...

#12 [context datasets] load from client
#12 transferring datasets: 3.28GB 115.9s
#12 ...

#14 [context datasets] load from client
#14 ...

#12 [context datasets] load from client
#12 ...

#11 [context datasets] load from client
#11 ...

#12 [context datasets] load from client
#12 transferring datasets: 3.42GB 120.9s
#12 ...

#8 [context datasets] load from client
#8 ...

#9 [context datasets] load from client
#9 ...

#15 [context datasets] load from client
#15 ...

#8 [context datasets] load from client
#8 ...

#13 [context datasets] load from client
#13 ...

#10 [context datasets] load from client
#10 ...

#13 [context datasets] load from client
#13 ...

#17 [context datasets] load from client
#17 ...

#13 [context datasets] load from client
#13 ...

#18 [context datasets] load from client
#18 ...

#16 [context datasets] load from client
#16 ...

#18 [context datasets] load from client
#18 ...

#19 [context datasets] load from client
#19 ...

#18 [context datasets] load from client
#18 transferring datasets: 3.57GB 126.0s
#18 ...

#14 [context datasets] load from client
#14 ...

#18 [context datasets] load from client
#18 ...

#11 [context datasets] load from client
#11 ...

#18 [context datasets] load from client
#18 transferring datasets: 3.71GB 131.0s
#18 ...

#12 [context datasets] load from client
#12 ...

#16 [context datasets] load from client
#16 ...

#18 [context datasets] load from client
#18 ...

#15 [context datasets] load from client
#15 ...

#9 [context datasets] load from client
#9 ...

#8 [context datasets] load from client
#8 ...

#12 [context datasets] load from client
#12 ...

#10 [context datasets] load from client
#10 ...

#8 [context datasets] load from client
#8 ...

#17 [context datasets] load from client
#17 ...

#13 [context datasets] load from client
#13 ...

#17 [context datasets] load from client
#17 ...

#19 [context datasets] load from client
#19 ...

#17 [context datasets] load from client
#17 transferring datasets: 3.86GB 135.9s
#17 ...

#14 [context datasets] load from client
#14 ...

#17 [context datasets] load from client
#17 ...

#11 [context datasets] load from client
#11 ...

#17 [context datasets] load from client
#17 transferring datasets: 3.99GB 141.0s
#17 ...

#18 [context datasets] load from client
#18 ...

#15 [context datasets] load from client
#15 ...

#16 [context datasets] load from client
#16 ...

#9 [context datasets] load from client
#9 ...

#12 [context datasets] load from client
#12 ...

#9 [context datasets] load from client
#9 ...

#10 [context datasets] load from client
#10 ...

#8 [context datasets] load from client
#8 ...

#13 [context datasets] load from client
#13 ...

#10 [context datasets] load from client
#10 ...

#19 [context datasets] load from client
#19 ...

#12 [context datasets] load from client
#12 transferring datasets: 4.11GB 146.2s
#12 ...

#14 [context datasets] load from client
#14 ...

#18 [context datasets] load from client
#18 ...

#14 [context datasets] load from client
#14 ...

#11 [context datasets] load from client
#11 ...

#12 [context datasets] load from client
#12 transferring datasets: 4.22GB 151.2s
#12 ...

#17 [context datasets] load from client
#17 ...

#15 [context datasets] load from client
#15 ...

#12 [context datasets] load from client
#12 ...

#16 [context datasets] load from client
#16 ...

#15 [context datasets] load from client
#15 ...

#9 [context datasets] load from client
#9 ...

#15 [context datasets] load from client
#15 ...

#13 [context datasets] load from client
#13 ...

#8 [context datasets] load from client
#8 ...

#13 [context datasets] load from client
#13 ...

#10 [context datasets] load from client
#10 ...

#19 [context datasets] load from client
#19 ...

#10 [context datasets] load from client
#10 transferring datasets: 4.32GB 156.2s
#10 ...

#18 [context datasets] load from client
#18 ...

#10 [context datasets] load from client
#10 ...

#11 [context datasets] load from client
#11 ...

#14 [context datasets] load from client
#14 ...

#18 [context datasets] load from client
#18 transferring datasets: 4.43GB 161.5s
#18 ...

#17 [context datasets] load from client
#17 ...

#18 [context datasets] load from client
#18 ...

#12 [context datasets] load from client
#12 ...

#16 [context datasets] load from client
#16 ...

#12 [context datasets] load from client
#12 ...

#9 [context datasets] load from client
#9 ...

#15 [context datasets] load from client
#15 ...

#12 [context datasets] load from client
#12 ...

#8 [context datasets] load from client
#8 ...

#9 [context datasets] load from client
#9 ...

#13 [context datasets] load from client
#13 ...

#8 [context datasets] load from client
#8 ...

#19 [context datasets] load from client
#19 ...

#9 [context datasets] load from client
#9 transferring datasets: 4.56GB 166.5s
#9 ...

#10 [context datasets] load from client
#10 ...

#11 [context datasets] load from client
#11 ...

#14 [context datasets] load from client
#14 ...

#10 [context datasets] load from client
#10 transferring datasets: 4.66GB 171.5s
#10 ...

#17 [context datasets] load from client
#17 ...

#19 [context datasets] load from client
#19 ...

#18 [context datasets] load from client
#18 ...

#16 [context datasets] load from client
#16 ...

#18 [context datasets] load from client
#18 ...

#15 [context datasets] load from client
#15 ...

#12 [context datasets] load from client
#12 ...

#15 [context datasets] load from client
#15 ...

#13 [context datasets] load from client
#13 ...

#8 [context datasets] load from client
#8 ...

#13 [context datasets] load from client
#13 transferring datasets: 4.78GB 176.6s
#13 ...

#9 [context datasets] load from client
#9 ...

#13 [context datasets] load from client
#13 ...

#11 [context datasets] load from client
#11 ...

#14 [context datasets] load from client
#14 ...

#11 [context datasets] load from client
#11 transferring datasets: 4.90GB 181.8s
#11 ...

#17 [context datasets] load from client
#17 ...

#19 [context datasets] load from client
#19 ...

#10 [context datasets] load from client
#10 ...

#11 [context datasets] load from client
#11 ...

#16 [context datasets] load from client
#16 ...

#11 [context datasets] load from client
#11 ...

#18 [context datasets] load from client
#18 ...

#11 [context datasets] load from client
#11 ...

#12 [context datasets] load from client
#12 ...

#11 [context datasets] load from client
#11 ...

#15 [context datasets] load from client
#15 ...

#11 [context datasets] load from client
#11 ...

#8 [context datasets] load from client
#8 ...

#15 [context datasets] load from client
#15 transferring datasets: 4.98GB 186.7s
#15 ...

#13 [context datasets] load from client
#13 ...

#9 [context datasets] load from client
#9 ...

#13 [context datasets] load from client
#13 ...

#14 [context datasets] load from client
#14 ...

#13 [context datasets] load from client
#13 transferring datasets: 5.11GB 191.8s
#13 ...

#17 [context datasets] load from client
#17 ...

#19 [context datasets] load from client
#19 ...

#10 [context datasets] load from client
#10 ...

#17 [context datasets] load from client
#17 ...

#16 [context datasets] load from client
#16 ...

#17 [context datasets] load from client
#17 ...

#18 [context datasets] load from client
#18 ...

#16 [context datasets] load from client
#16 ...

#12 [context datasets] load from client
#12 ...

#18 [context datasets] load from client
#18 ...

#11 [context datasets] load from client
#11 ...

#8 [context datasets] load from client
#8 ...

#11 [context datasets] load from client
#11 transferring datasets: 5.23GB 196.9s
#11 ...

#15 [context datasets] load from client
#15 ...

#11 [context datasets] load from client
#11 ...

#9 [context datasets] load from client
#9 ...

#11 [context datasets] load from client
#11 ...

#14 [context datasets] load from client
#14 ...

#11 [context datasets] load from client
#11 transferring datasets: 5.36GB 202.0s
#11 ...

#13 [context datasets] load from client
#13 ...

#11 [context datasets] load from client
#11 ...

#19 [context datasets] load from client
#19 ...

#11 [context datasets] load from client
#11 ...

#10 [context datasets] load from client
#10 ...

#11 [context datasets] load from client
#11 ...

#17 [context datasets] load from client
#17 ...

#11 [context datasets] load from client
#11 ...

#16 [context datasets] load from client
#16 ...

#11 [context datasets] load from client
#11 ...

#12 [context datasets] load from client
#12 ...

#11 [context datasets] load from client
#11 ...

#18 [context datasets] load from client
#18 ...

#11 [context datasets] load from client
#11 ...

#8 [context datasets] load from client
#8 ...

#10 [context datasets] load from client
#10 transferring datasets: 5.49GB 206.9s
#10 ...

#8 [context datasets] load from client
#8 ...

#15 [context datasets] load from client
#15 ...

#8 [context datasets] load from client
#8 ...

#9 [context datasets] load from client
#9 ...

#8 [context datasets] load from client
#8 ...

#14 [context datasets] load from client
#14 ...

#8 [context datasets] load from client
#8 transferring datasets: 5.69GB 212.2s
#8 ...

#13 [context datasets] load from client
#13 ...

#8 [context datasets] load from client
#8 ...

#19 [context datasets] load from client
#19 ...

#8 [context datasets] load from client
#8 ...

#17 [context datasets] load from client
#17 ...

#8 [context datasets] load from client
#8 ...

#16 [context datasets] load from client
#16 ...

#13 [context datasets] load from client
#13 ...

#12 [context datasets] load from client
#12 ...

#16 [context datasets] load from client
#16 ...

#18 [context datasets] load from client
#18 ...

#19 [context datasets] load from client
#19 ...

#11 [context datasets] load from client
#11 ...

#16 [context datasets] load from client
#16 transferring datasets: 5.79GB 217.0s
#16 ...

#10 [context datasets] load from client
#10 ...

#16 [context datasets] load from client
#16 ...

#15 [context datasets] load from client
#15 ...

#16 [context datasets] load from client
#16 ...

#9 [context datasets] load from client
#9 ...

#16 [context datasets] load from client
#16 ...

#14 [context datasets] load from client
#14 ...

#16 [context datasets] load from client
#16 transferring datasets: 5.94GB 222.1s
#16 ...

#17 [context datasets] load from client
#17 ...

#16 [context datasets] load from client
#16 ...

#8 [context datasets] load from client
#8 ...

#16 [context datasets] load from client
#16 ...

#12 [context datasets] load from client
#12 ...

#13 [context datasets] load from client
#13 ...

#12 [context datasets] load from client
#12 ...

#18 [context datasets] load from client
#18 ...

#12 [context datasets] load from client
#12 ...

#11 [context datasets] load from client
#11 ...

#19 [context datasets] load from client
#19 ...

#11 [context datasets] load from client
#11 transferring datasets: 6.09GB 227.3s
#11 ...

#10 [context datasets] load from client
#10 ...

#11 [context datasets] load from client
#11 ...

#15 [context datasets] load from client
#15 ...

#9 [context datasets] load from client
#9 ...

#11 [context datasets] load from client
#11 ...

#14 [context datasets] load from client
#14 ...

#9 [context datasets] load from client
#9 transferring datasets: 6.13GB 232.3s
#9 ...

#17 [context datasets] load from client
#17 ...

#13 [context datasets] load from client
#13 ...

#9 [context datasets] load from client
#9 ...

#8 [context datasets] load from client
#8 ...

#16 [context datasets] load from client
#16 ...

#9 [context datasets] load from client
#9 ...

#18 [context datasets] load from client
#18 ...

#9 [context datasets] load from client
#9 ...

#12 [context datasets] load from client
#12 ...

#9 [context datasets] load from client
#9 ...

#19 [context datasets] load from client
#19 ...

#9 [context datasets] load from client
#9 transferring datasets: 6.20GB 237.5s
#9 ...

#10 [context datasets] load from client
#10 ...

#11 [context datasets] load from client
#11 ...

#15 [context datasets] load from client
#15 ...

#9 [context datasets] load from client
#9 ...

#14 [context datasets] load from client
#14 ...

#11 [context datasets] load from client
#11 transferring datasets: 6.26GB 242.6s
#11 ...

#17 [context datasets] load from client
#17 ...

#13 [context datasets] load from client
#13 ...

#17 [context datasets] load from client
#17 ...

#8 [context datasets] load from client
#8 ...

#11 [context datasets] load from client
#11 ...

#16 [context datasets] load from client
#16 ...

#18 [context datasets] load from client
#18 ...

#11 [context datasets] load from client
#11 ...

#12 [context datasets] load from client
#12 ...

#11 [context datasets] load from client
#11 ...

#19 [context datasets] load from client
#19 ...

#12 [context datasets] load from client
#12 transferring datasets: 6.30GB 247.7s
#12 ...

#10 [context datasets] load from client
#10 ...

#12 [context datasets] load from client
#12 ...

#15 [context datasets] load from client
#15 ...

#12 [context datasets] load from client
#12 ...

#14 [context datasets] load from client
#14 ...

#9 [context datasets] load from client
#9 ...

#12 [context datasets] load from client
#12 transferring datasets: 6.36GB 253.0s
#12 ...

#13 [context datasets] load from client
#13 ...

#8 [context datasets] load from client
#8 ...

#13 [context datasets] load from client
#13 ...

#17 [context datasets] load from client
#17 ...

#13 [context datasets] load from client
#13 ...

#18 [context datasets] load from client
#18 ...

#16 [context datasets] load from client
#16 ...

#13 [context datasets] load from client
#13 ...

#11 [context datasets] load from client
#11 ...

#8 [context datasets] load from client
#8 ...

#19 [context datasets] load from client
#19 ...

#13 [context datasets] load from client
#13 transferring datasets: 6.41GB 258.1s
#13 ...

#10 [context datasets] load from client
#10 ...

#11 [context datasets] load from client
#11 ...

#15 [context datasets] load from client
#15 ...

#11 [context datasets] load from client
#11 ...

#14 [context datasets] load from client
#14 ...

#9 [context datasets] load from client
#9 ...

#14 [context datasets] load from client
#14 transferring datasets: 6.46GB 263.4s
#14 ...

#12 [context datasets] load from client
#12 ...

#14 [context datasets] load from client
#14 ...

#17 [context datasets] load from client
#17 ...

#10 [context datasets] load from client
#10 ...

#17 [context datasets] load from client
#17 ...

#18 [context datasets] load from client
#18 ...

#16 [context datasets] load from client
#16 ...

#17 [context datasets] load from client
#17 ...

#8 [context datasets] load from client
#8 ...

#19 [context datasets] load from client
#19 ...

#8 [context datasets] load from client
#8 transferring datasets: 6.55GB 268.6s
#8 ...

#13 [context datasets] load from client
#13 ...

#15 [context datasets] load from client
#15 ...

#8 [context datasets] load from client
#8 ...

#11 [context datasets] load from client
#11 ...

#9 [context datasets] load from client
#9 ...

#11 [context datasets] load from client
#11 transferring datasets: 6.71GB 273.7s
#11 ...

#12 [context datasets] load from client
#12 ...

#14 [context datasets] load from client
#14 ...

#10 [context datasets] load from client
#10 ...

#11 [context datasets] load from client
#11 ...

#18 [context datasets] load from client
#18 ...

#11 [context datasets] load from client
#11 ...

#16 [context datasets] load from client
#16 ...

#11 [context datasets] load from client
#11 ...

#17 [context datasets] load from client
#17 ...

#19 [context datasets] load from client
#19 ...

#17 [context datasets] load from client
#17 transferring datasets: 6.82GB 278.5s
#17 ...

#13 [context datasets] load from client
#13 ...

#12 [context datasets] load from client
#12 ...

#15 [context datasets] load from client
#15 ...

#17 [context datasets] load from client
#17 ...

#8 [context datasets] load from client
#8 ...

#17 [context datasets] load from client
#17 ...

#9 [context datasets] load from client
#9 ...

#15 [context datasets] load from client
#15 transferring datasets: 6.90GB 283.6s
#15 ...

#14 [context datasets] load from client
#14 ...

#15 [context datasets] load from client
#15 ...

#10 [context datasets] load from client
#10 ...

#18 [context datasets] load from client
#18 ...

#10 [context datasets] load from client
#10 ...

#16 [context datasets] load from client
#16 ...

#10 [context datasets] load from client
#10 ...

#11 [context datasets] load from client
#11 ...

#10 [context datasets] load from client
#10 ...

#19 [context datasets] load from client
#19 ...

#10 [context datasets] load from client
#10 transferring datasets: 6.92GB 288.7s
#10 ...

#13 [context datasets] load from client
#13 ...

#12 [context datasets] load from client
#12 ...

#9 [context datasets] load from client
#9 ...

#10 [context datasets] load from client
#10 ...

#8 [context datasets] load from client
#8 ...

#17 [context datasets] load from client
#17 ...

#10 [context datasets] load from client
#10 transferring datasets: 6.95GB 293.8s
#10 ...

#14 [context datasets] load from client
#14 ...

#15 [context datasets] load from client
#15 ...

#18 [context datasets] load from client
#18 ...

#15 [context datasets] load from client
#15 ...

#16 [context datasets] load from client
#16 ...

#15 [context datasets] load from client
#15 ...

#11 [context datasets] load from client
#11 ...

#19 [context datasets] load from client
#19 ...

#11 [context datasets] load from client
#11 transferring datasets: 7.03GB 299.0s
#11 ...

#13 [context datasets] load from client
#13 ...

#11 [context datasets] load from client
#11 ...

#12 [context datasets] load from client
#12 ...

#9 [context datasets] load from client
#9 ...

#11 [context datasets] load from client
#11 ...

#8 [context datasets] load from client
#8 ...

#17 [context datasets] load from client
#17 ...

#8 [context datasets] load from client
#8 transferring datasets: 7.08GB 304.3s
#8 ...

#10 [context datasets] load from client
#10 ...

#14 [context datasets] load from client
#14 ...

#18 [context datasets] load from client
#18 ...

#15 [context datasets] load from client
#15 ...

#16 [context datasets] load from client
#16 ...

#18 [context datasets] load from client
#18 ...

#19 [context datasets] load from client
#19 ...

#16 [context datasets] load from client
#16 transferring datasets: 7.05GB 309.3s
#16 ...

#13 [context datasets] load from client
#13 ...

#12 [context datasets] load from client
#12 ...

#9 [context datasets] load from client
#9 ...

#11 [context datasets] load from client
#11 ...

#17 [context datasets] load from client
#17 ...

#11 [context datasets] load from client
#11 transferring datasets: 7.11GB 314.6s
#11 ...

#10 [context datasets] load from client
#10 ...

#8 [context datasets] load from client
#8 ...

#14 [context datasets] load from client
#14 ...

#10 [context datasets] load from client
#10 ...

#15 [context datasets] load from client
#15 ...

#10 [context datasets] load from client
#10 ...

#18 [context datasets] load from client
#18 ...

#9 [context datasets] load from client
#9 ...

#18 [context datasets] load from client
#18 ...

#19 [context datasets] load from client
#19 ...

#18 [context datasets] load from client
#18 transferring datasets: 7.10GB 319.8s
#18 ...

#16 [context datasets] load from client
#16 ...

#13 [context datasets] load from client
#13 ...

#12 [context datasets] load from client
#12 ...

#15 [context datasets] load from client
#15 ...

#17 [context datasets] load from client
#17 ...

#15 [context datasets] load from client
#15 transferring datasets: 7.13GB 324.8s
#15 ...

#11 [context datasets] load from client
#11 ...

#15 [context datasets] load from client
#15 ...

#8 [context datasets] load from client
#8 ...

#14 [context datasets] load from client
#14 ...

#15 [context datasets] load from client
#15 ...

#10 [context datasets] load from client
#10 ...

#9 [context datasets] load from client
#9 ...

#10 [context datasets] load from client
#10 ...

#19 [context datasets] load from client
#19 ...

#10 [context datasets] load from client
#10 transferring datasets: 7.15GB 329.9s
#10 ...

#16 [context datasets] load from client
#16 ...

#18 [context datasets] load from client
#18 ...

#12 [context datasets] load from client
#12 ...

#13 [context datasets] load from client
#13 ...

#15 [context datasets] load from client
#15 ...

#17 [context datasets] load from client
#17 ...

#15 [context datasets] load from client
#15 transferring datasets: 7.19GB 335.0s
#15 ...

#11 [context datasets] load from client
#11 ...

#15 [context datasets] load from client
#15 ...

#14 [context datasets] load from client
#14 ...

#8 [context datasets] load from client
#8 ...

#15 [context datasets] load from client
#15 ...

#9 [context datasets] load from client
#9 ...

#15 [context datasets] load from client
#15 ...

#19 [context datasets] load from client
#19 ...

#9 [context datasets] load from client
#9 transferring datasets: 7.23GB 340.2s
#9 ...

#10 [context datasets] load from client
#10 ...

#8 [context datasets] load from client
#8 ...

#16 [context datasets] load from client
#16 ...

#10 [context datasets] load from client
#10 ...

#12 [context datasets] load from client
#12 ...

#13 [context datasets] load from client
#13 ...

#18 [context datasets] load from client
#18 ...

#17 [context datasets] load from client
#17 ...

#8 [context datasets] load from client
#8 transferring datasets: 7.27GB 345.5s
#8 ...

#11 [context datasets] load from client
#11 ...

#8 [context datasets] load from client
#8 ...

#14 [context datasets] load from client
#14 ...

#11 [context datasets] load from client
#11 ...

#15 [context datasets] load from client
#15 ...

#19 [context datasets] load from client
#19 ...

#15 [context datasets] load from client
#15 transferring datasets: 7.26GB 350.3s
#15 ...

#9 [context datasets] load from client
#9 ...

#16 [context datasets] load from client
#16 ...

#10 [context datasets] load from client
#10 ...

#12 [context datasets] load from client
#12 ...

#10 [context datasets] load from client
#10 ...

#13 [context datasets] load from client
#13 ...

#10 [context datasets] load from client
#10 ...

#18 [context datasets] load from client
#18 ...

#17 [context datasets] load from client
#17 ...

#10 [context datasets] load from client
#10 transferring datasets: 7.29GB 355.4s
#10 ...

#8 [context datasets] load from client
#8 ...

#14 [context datasets] load from client
#14 ...

#18 [context datasets] load from client
#18 ...

#11 [context datasets] load from client
#11 ...

#18 [context datasets] load from client
#18 ...

#19 [context datasets] load from client
#19 ...

#18 [context datasets] load from client
#18 transferring datasets: 7.31GB 360.6s
#18 ...

#15 [context datasets] load from client
#15 ...

#9 [context datasets] load from client
#9 ...

#16 [context datasets] load from client
#16 ...

#15 [context datasets] load from client
#15 ...

#12 [context datasets] load from client
#12 ...

#16 [context datasets] load from client
#16 ...

#13 [context datasets] load from client
#13 ...

#17 [context datasets] load from client
#17 ...

#13 [context datasets] load from client
#13 transferring datasets: 7.35GB 365.8s
#13 ...

#10 [context datasets] load from client
#10 ...

#11 [context datasets] load from client
#11 ...

#8 [context datasets] load from client
#8 ...

#14 [context datasets] load from client
#14 ...

#10 [context datasets] load from client
#10 ...

#19 [context datasets] load from client
#19 ...

#10 [context datasets] load from client
#10 transferring datasets: 7.36GB 370.8s
#10 ...

#18 [context datasets] load from client
#18 ...

#9 [context datasets] load from client
#9 ...

#15 [context datasets] load from client
#15 ...

#12 [context datasets] load from client
#12 ...

#15 [context datasets] load from client
#15 ...

#16 [context datasets] load from client
#16 ...

#15 [context datasets] load from client
#15 ...

#17 [context datasets] load from client
#17 ...

#15 [context datasets] load from client
#15 transferring datasets: 7.40GB 375.9s
#15 ...

#13 [context datasets] load from client
#13 ...

#19 [context datasets] load from client
#19 ...

#11 [context datasets] load from client
#11 ...

#8 [context datasets] load from client
#8 ...

#13 [context datasets] load from client
#13 ...

#14 [context datasets] load from client
#14 ...

#15 [context datasets] load from client
#15 transferring datasets: 7.42GB 380.9s
#15 ...

#10 [context datasets] load from client
#10 ...

#13 [context datasets] load from client
#13 ...

#18 [context datasets] load from client
#18 ...

#9 [context datasets] load from client
#9 ...

#10 [context datasets] load from client
#10 ...

#12 [context datasets] load from client
#12 ...

#10 [context datasets] load from client
#10 ...

#16 [context datasets] load from client
#16 ...

#9 [context datasets] load from client
#9 ...

#17 [context datasets] load from client
#17 ...

#12 [context datasets] load from client
#12 transferring datasets: 7.44GB 385.9s
#12 ...

#19 [context datasets] load from client
#19 ...

#11 [context datasets] load from client
#11 ...

#19 [context datasets] load from client
#19 ...

#8 [context datasets] load from client
#8 ...

#19 [context datasets] load from client
#19 ...

#14 [context datasets] load from client
#14 ...

#19 [context datasets] load from client
#19 transferring datasets: 7.49GB 390.9s
#19 ...

#15 [context datasets] load from client
#15 ...

#13 [context datasets] load from client
#13 ...

#18 [context datasets] load from client
#18 ...

#13 [context datasets] load from client
#13 ...

#10 [context datasets] load from client
#10 ...

#13 [context datasets] load from client
#13 ...

#16 [context datasets] load from client
#16 ...

#9 [context datasets] load from client
#9 ...

#17 [context datasets] load from client
#17 ...

#9 [context datasets] load from client
#9 transferring datasets: 7.54GB 396.1s
#9 ...

#12 [context datasets] load from client
#12 ...

#11 [context datasets] load from client
#11 ...

#8 [context datasets] load from client
#8 ...

#11 [context datasets] load from client
#11 ...

#14 [context datasets] load from client
#14 ...

#8 [context datasets] load from client
#8 transferring datasets: 7.58GB 401.3s
#8 ...

#19 [context datasets] load from client
#19 ...

#15 [context datasets] load from client
#15 ...

#18 [context datasets] load from client
#18 ...

#10 [context datasets] load from client
#10 ...

#18 [context datasets] load from client
#18 ...

#13 [context datasets] load from client
#13 ...

#18 [context datasets] load from client
#18 ...

#16 [context datasets] load from client
#16 ...

#17 [context datasets] load from client
#17 ...

#16 [context datasets] load from client
#16 transferring datasets: 7.56GB 406.2s
#16 ...

#9 [context datasets] load from client
#9 ...

#12 [context datasets] load from client
#12 ...

#16 [context datasets] load from client
#16 ...

#11 [context datasets] load from client
#11 ...

#14 [context datasets] load from client
#14 ...

#11 [context datasets] load from client
#11 transferring datasets: 7.63GB 411.4s
#11 ...

#19 [context datasets] load from client
#19 ...

#8 [context datasets] load from client
#8 ...

#15 [context datasets] load from client
#15 ...

#8 [context datasets] load from client
#8 ...

#10 [context datasets] load from client
#10 ...

#9 [context datasets] load from client
#9 ...

#10 [context datasets] load from client
#10 ...

#13 [context datasets] load from client
#13 ...

#10 [context datasets] load from client
#10 ...

#18 [context datasets] load from client
#18 ...

#13 [context datasets] load from client
#13 ...

#17 [context datasets] load from client
#17 ...

#18 [context datasets] load from client
#18 transferring datasets: 7.63GB 416.5s
#18 ...

#12 [context datasets] load from client
#12 ...

#18 [context datasets] load from client
#18 ...

#16 [context datasets] load from client
#16 ...

#18 [context datasets] load from client
#18 ...

#14 [context datasets] load from client
#14 ...

#18 [context datasets] load from client
#18 transferring datasets: 7.65GB 421.5s
#18 ...

#11 [context datasets] load from client
#11 ...

#18 [context datasets] load from client
#18 ...

#19 [context datasets] load from client
#19 ...

#18 [context datasets] load from client
#18 ...

#15 [context datasets] load from client
#15 ...

#8 [context datasets] load from client
#8 ...

#18 [context datasets] load from client
#18 ...

#9 [context datasets] load from client
#9 ...

#10 [context datasets] load from client
#10 ...

#16 [context datasets] load from client
#16 ...

#13 [context datasets] load from client
#13 ...

#17 [context datasets] load from client
#17 ...

#9 [context datasets] load from client
#9 transferring datasets: 7.69GB 426.6s
#9 ...

#12 [context datasets] load from client
#12 ...

#9 [context datasets] load from client
#9 ...

#14 [context datasets] load from client
#14 ...

#9 [context datasets] load from client
#9 transferring datasets: 7.72GB 431.7s
#9 ...

#11 [context datasets] load from client
#11 ...

#9 [context datasets] load from client
#9 ...

#19 [context datasets] load from client
#19 ...

#9 [context datasets] load from client
#9 ...

#15 [context datasets] load from client
#15 ...

#9 [context datasets] load from client
#9 ...

#8 [context datasets] load from client
#8 ...

#9 [context datasets] load from client
#9 ...

#18 [context datasets] load from client
#18 ...

#15 [context datasets] load from client
#15 ...

#10 [context datasets] load from client
#10 ...

#15 [context datasets] load from client
#15 ...

#13 [context datasets] load from client
#13 ...

#16 [context datasets] load from client
#16 ...

#17 [context datasets] load from client
#17 ...

#16 [context datasets] load from client
#16 transferring datasets: 7.73GB 436.9s
#16 ...

#12 [context datasets] load from client
#12 ...

#16 [context datasets] load from client
#16 ...

#14 [context datasets] load from client
#14 ...

#16 [context datasets] load from client
#16 transferring datasets: 7.75GB 442.0s
#16 ...

#11 [context datasets] load from client
#11 ...

#18 [context datasets] load from client
#18 ...

#19 [context datasets] load from client
#19 ...

#11 [context datasets] load from client
#11 ...

#8 [context datasets] load from client
#8 ...

#9 [context datasets] load from client
#9 ...

#11 [context datasets] load from client
#11 ...

#10 [context datasets] load from client
#10 ...

#15 [context datasets] load from client
#15 ...

#13 [context datasets] load from client
#13 ...

#17 [context datasets] load from client
#17 ...

#10 [context datasets] load from client
#10 transferring datasets: 7.78GB 447.2s
#10 ...

#12 [context datasets] load from client
#12 ...

#10 [context datasets] load from client
#10 ...

#14 [context datasets] load from client
#14 ...

#10 [context datasets] load from client
#10 transferring datasets: 7.81GB 452.3s
#10 ...

#16 [context datasets] load from client
#16 ...

#10 [context datasets] load from client
#10 ...

#18 [context datasets] load from client
#18 ...

#19 [context datasets] load from client
#19 ...

#18 [context datasets] load from client
#18 ...

#8 [context datasets] load from client
#8 ...

#9 [context datasets] load from client
#9 ...

#11 [context datasets] load from client
#11 ...

#9 [context datasets] load from client
#9 ...

#15 [context datasets] load from client
#15 ...

#13 [context datasets] load from client
#13 ...

#17 [context datasets] load from client
#17 ...

#15 [context datasets] load from client
#15 transferring datasets: 7.85GB 457.4s
#15 ...

#12 [context datasets] load from client
#12 ...

#15 [context datasets] load from client
#15 ...

#14 [context datasets] load from client
#14 ...

#15 [context datasets] load from client
#15 transferring datasets: 7.89GB 462.5s
#15 ...

#16 [context datasets] load from client
#16 ...

#10 [context datasets] load from client
#10 ...

#15 [context datasets] load from client
#15 ...

#19 [context datasets] load from client
#19 ...

#10 [context datasets] load from client
#10 ...

#18 [context datasets] load from client
#18 ...

#16 [context datasets] load from client
#16 ...

#8 [context datasets] load from client
#8 ...

#11 [context datasets] load from client
#11 ...

#9 [context datasets] load from client
#9 ...

#16 [context datasets] load from client
#16 ...

#13 [context datasets] load from client
#13 ...

#17 [context datasets] load from client
#17 ...

#18 [context datasets] load from client
#18 transferring datasets: 7.91GB 467.8s
#18 ...

#12 [context datasets] load from client
#12 ...

#18 [context datasets] load from client
#18 ...

#14 [context datasets] load from client
#14 ...

#18 [context datasets] load from client
#18 transferring datasets: 7.94GB 472.8s
#18 ...

#15 [context datasets] load from client
#15 ...

#10 [context datasets] load from client
#10 ...

#19 [context datasets] load from client
#19 ...

#14 [context datasets] load from client
#14 ...

#8 [context datasets] load from client
#8 ...

#14 [context datasets] load from client
#14 ...

#9 [context datasets] load from client
#9 ...

#11 [context datasets] load from client
#11 ...

#14 [context datasets] load from client
#14 ...

#16 [context datasets] load from client
#16 ...

#17 [context datasets] load from client
#17 ...

#13 [context datasets] load from client
#13 ...

#12 [context datasets] load from client
#12 ...

#17 [context datasets] load from client
#17 transferring datasets: 7.98GB 477.8s
#17 ...

#13 [context datasets] load from client
#13 ...

#17 [context datasets] load from client
#17 transferring datasets: 8.01GB 482.8s
#17 ...

#18 [context datasets] load from client
#18 ...

#17 [context datasets] load from client
#17 ...

#15 [context datasets] load from client
#15 ...

#10 [context datasets] load from client
#10 ...

#8 [context datasets] load from client
#8 ...

#19 [context datasets] load from client
#19 ...

#9 [context datasets] load from client
#9 ...

#19 [context datasets] load from client
#19 ...

#11 [context datasets] load from client
#11 ...

#14 [context datasets] load from client
#14 ...

#17 [context datasets] load from client
#17 ...

#16 [context datasets] load from client
#16 ...

#11 [context datasets] load from client
#11 ...

#12 [context datasets] load from client
#12 ...

#17 [context datasets] load from client
#17 transferring datasets: 8.03GB 487.8s
#17 ...

#14 [context datasets] load from client
#14 ...

#17 [context datasets] load from client
#17 ...

#13 [context datasets] load from client
#13 ...

#15 [context datasets] load from client
#15 ...

#17 [context datasets] load from client
#17 transferring datasets: 8.05GB 492.9s
#17 ...

#18 [context datasets] load from client
#18 ...

#15 [context datasets] load from client
#15 ...

#10 [context datasets] load from client
#10 ...

#17 [context datasets] load from client
#17 ...

#8 [context datasets] load from client
#8 ...

#17 [context datasets] load from client
#17 ...

#9 [context datasets] load from client
#9 ...

#19 [context datasets] load from client
#19 ...

#9 [context datasets] load from client
#9 ...

#16 [context datasets] load from client
#16 ...

#19 [context datasets] load from client
#19 ...

#11 [context datasets] load from client
#11 ...

#12 [context datasets] load from client
#12 ...

#19 [context datasets] load from client
#19 transferring datasets: 8.09GB 497.9s
#19 ...

#14 [context datasets] load from client
#14 ...

#13 [context datasets] load from client
#13 transferring datasets: 8.12GB 503.1s
#13 ...

#18 [context datasets] load from client
#18 ...

#8 [context datasets] load from client
#8 ...

#15 [context datasets] load from client
#15 ...

#10 [context datasets] load from client
#10 ...

#15 [context datasets] load from client
#15 ...

#17 [context datasets] load from client
#17 ...

#8 [context datasets] load from client
#8 ...

#9 [context datasets] load from client
#9 ...

#16 [context datasets] load from client
#16 ...

#8 [context datasets] load from client
#8 ...

#11 [context datasets] load from client
#11 ...

#12 [context datasets] load from client
#12 ...

#8 [context datasets] load from client
#8 transferring datasets: 8.16GB 508.3s
#8 ...

#19 [context datasets] load from client
#19 ...

#14 [context datasets] load from client
#14 ...

#19 [context datasets] load from client
#19 transferring datasets: 8.15GB 513.1s
#19 ...

#13 [context datasets] load from client
#13 ...

#19 [context datasets] load from client
#19 ...

#18 [context datasets] load from client
#18 ...

#10 [context datasets] load from client
#10 ...

#18 [context datasets] load from client
#18 ...

#15 [context datasets] load from client
#15 ...

#18 [context datasets] load from client
#18 ...

#17 [context datasets] load from client
#17 ...

#18 [context datasets] load from client
#18 ...

#9 [context datasets] load from client
#9 ...

#18 [context datasets] load from client
#18 ...

#16 [context datasets] load from client
#16 ...

#18 [context datasets] load from client
#18 ...

#11 [context datasets] load from client
#11 ...

#12 [context datasets] load from client
#12 ...

#11 [context datasets] load from client
#11 transferring datasets: 8.22GB 518.4s
#11 ...

#8 [context datasets] load from client
#8 ...

#14 [context datasets] load from client
#14 ...

#8 [context datasets] load from client
#8 transferring datasets: 8.25GB 523.6s
#8 ...

#13 [context datasets] load from client
#13 ...

#19 [context datasets] load from client
#19 ...

#15 [context datasets] load from client
#15 ...

#10 [context datasets] load from client
#10 ...

#15 [context datasets] load from client
#15 ...

#17 [context datasets] load from client
#17 ...

#18 [context datasets] load from client
#18 ...

#9 [context datasets] load from client
#9 ...

#16 [context datasets] load from client
#16 ...

#15 [context datasets] load from client
#15 ...

#12 [context datasets] load from client
#12 ...

#16 [context datasets] load from client
#16 transferring datasets: 8.23GB 528.3s
#16 ...

#11 [context datasets] load from client
#11 ...

#16 [context datasets] load from client
#16 ...

#14 [context datasets] load from client
#14 ...

#16 [context datasets] load from client
#16 transferring datasets: 8.27GB 533.4s
#16 ...

#8 [context datasets] load from client
#8 ...

#16 [context datasets] load from client
#16 ...

#13 [context datasets] load from client
#13 ...

#19 [context datasets] load from client
#19 ...

#10 [context datasets] load from client
#10 ...

#19 [context datasets] load from client
#19 ...

#17 [context datasets] load from client
#17 ...

#18 [context datasets] load from client
#18 ...

#9 [context datasets] load from client
#9 ...

#18 [context datasets] load from client
#18 ...

#15 [context datasets] load from client
#15 ...

#12 [context datasets] load from client
#12 ...

#15 [context datasets] load from client
#15 transferring datasets: 8.32GB 538.4s
#15 ...

#11 [context datasets] load from client
#11 ...

#14 [context datasets] load from client
#14 ...

#11 [context datasets] load from client
#11 transferring datasets: 8.37GB 543.7s
#11 ...

#8 [context datasets] load from client
#8 ...

#16 [context datasets] load from client
#16 ...

#13 [context datasets] load from client
#13 ...

#10 [context datasets] load from client
#10 ...

#8 [context datasets] load from client
#8 ...

#17 [context datasets] load from client
#17 ...

#19 [context datasets] load from client
#19 ...

#9 [context datasets] load from client
#9 ...

#10 [context datasets] load from client
#10 ...

#18 [context datasets] load from client
#18 ...

#12 [context datasets] load from client
#12 ...

#8 [context datasets] load from client
#8 transferring datasets: 8.40GB 548.9s
#8 ...

#15 [context datasets] load from client
#15 ...

#19 [context datasets] load from client
#19 ...

#15 [context datasets] load from client
#15 ...

#14 [context datasets] load from client
#14 ...

#12 [context datasets] load from client
#12 ...

#8 [context datasets] load from client
#8 transferring datasets: 8.42GB 554.0s
#8 ...

#11 [context datasets] load from client
#11 ...

#8 [context datasets] load from client
#8 ...

#13 [context datasets] load from client
#13 ...

#16 [context datasets] load from client
#16 ...

#9 [context datasets] load from client
#9 ...

#13 [context datasets] load from client
#13 ...

#17 [context datasets] load from client
#17 ...

#8 [context datasets] load from client
#8 ...

#10 [context datasets] load from client
#10 ...

#9 [context datasets] load from client
#9 ...

#18 [context datasets] load from client
#18 ...

#9 [context datasets] load from client
#9 transferring datasets: 8.40GB 559.0s
#9 ...

#19 [context datasets] load from client
#19 ...

#9 [context datasets] load from client
#9 ...

#14 [context datasets] load from client
#14 ...

#15 [context datasets] load from client
#15 ...

#14 [context datasets] load from client
#14 ...

#12 [context datasets] load from client
#12 ...

#14 [context datasets] load from client
#14 transferring datasets: 8.44GB 563.9s
#14 ...

#11 [context datasets] load from client
#11 ...

#19 [context datasets] load from client
#19 ...

#16 [context datasets] load from client
#16 ...

#19 [context datasets] load from client
#19 ...

#17 [context datasets] load from client
#17 ...

#13 [context datasets] load from client
#13 ...

#17 [context datasets] load from client
#17 ...

#8 [context datasets] load from client
#8 ...

#10 [context datasets] load from client
#10 ...

#18 [context datasets] load from client
#18 ...

#17 [context datasets] load from client
#17 transferring datasets: 8.47GB 568.9s
#17 ...

#9 [context datasets] load from client
#9 ...

#17 [context datasets] load from client
#17 ...

#15 [context datasets] load from client
#15 ...

#17 [context datasets] load from client
#17 ...

#12 [context datasets] load from client
#12 ...

#17 [context datasets] load from client
#17 transferring datasets: 8.49GB 574.0s
#17 ...

#11 [context datasets] load from client
#11 ...

#14 [context datasets] load from client
#14 ...

#17 [context datasets] load from client
#17 ...

#16 [context datasets] load from client
#16 ...

#17 [context datasets] load from client
#17 ...

#19 [context datasets] load from client
#19 ...

#8 [context datasets] load from client
#8 ...

#14 [context datasets] load from client
#14 ...

#13 [context datasets] load from client
#13 ...

#17 [context datasets] load from client
#17 ...

#18 [context datasets] load from client
#18 ...

#10 [context datasets] load from client
#10 ...

#18 [context datasets] load from client
#18 transferring datasets: 8.50GB 579.3s
#18 ...

#9 [context datasets] load from client
#9 ...

#15 [context datasets] load from client
#15 ...

#18 [context datasets] load from client
#18 ...

#12 [context datasets] load from client
#12 ...

#15 [context datasets] load from client
#15 transferring datasets: 8.54GB 584.3s
#15 ...

#11 [context datasets] load from client
#11 ...

#15 [context datasets] load from client
#15 ...

#16 [context datasets] load from client
#16 ...

#15 [context datasets] load from client
#15 ...

#19 [context datasets] load from client
#19 ...

#14 [context datasets] load from client
#14 ...

#8 [context datasets] load from client
#8 ...

#13 [context datasets] load from client
#13 ...

#8 [context datasets] load from client
#8 ...

#17 [context datasets] load from client
#17 ...

#8 [context datasets] load from client
#8 ...

#10 [context datasets] load from client
#10 ...

#13 [context datasets] load from client
#13 transferring datasets: 8.60GB 589.4s
#13 ...

#12 [context datasets] load from client
#12 ...

#9 [context datasets] load from client
#9 ...

#12 [context datasets] load from client
#12 ...

#18 [context datasets] load from client
#18 ...

#12 [context datasets] load from client
#12 transferring datasets: 8.59GB 594.4s
#12 ...

#11 [context datasets] load from client
#11 ...

#9 [context datasets] load from client
#9 ...

#16 [context datasets] load from client
#16 ...

#9 [context datasets] load from client
#9 ...

#15 [context datasets] load from client
#15 ...

#19 [context datasets] load from client
#19 ...

#14 [context datasets] load from client
#14 ...

#15 [context datasets] load from client
#15 ...

#17 [context datasets] load from client
#17 ...

#8 [context datasets] load from client
#8 ...

#17 [context datasets] load from client
#17 ...

#10 [context datasets] load from client
#10 ...

#17 [context datasets] load from client
#17 transferring datasets: 8.63GB 599.4s
#17 ...

#13 [context datasets] load from client
#13 ...

#17 [context datasets] load from client
#17 ...

#18 [context datasets] load from client
#18 ...

#17 [context datasets] load from client
#17 transferring datasets: 8.67GB 604.4s
#17 ...

#12 [context datasets] load from client
#12 ...

#11 [context datasets] load from client
#11 ...

#17 [context datasets] load from client
#17 ...

#16 [context datasets] load from client
#16 ...

#9 [context datasets] load from client
#9 ...

#16 [context datasets] load from client
#16 ...

#19 [context datasets] load from client
#19 ...

#14 [context datasets] load from client
#14 ...

#9 [context datasets] load from client
#9 ...

#15 [context datasets] load from client
#15 ...

#9 [context datasets] load from client
#9 ...

#8 [context datasets] load from client
#8 ...

#10 [context datasets] load from client
#10 ...

#8 [context datasets] load from client
#8 transferring datasets: 8.74GB 609.8s
#8 ...

#13 [context datasets] load from client
#13 ...

#8 [context datasets] load from client
#8 ...

#18 [context datasets] load from client
#18 ...

#13 [context datasets] load from client
#13 transferring datasets: 8.75GB 614.9s
#13 ...

#12 [context datasets] load from client
#12 ...

#11 [context datasets] load from client
#11 ...

#12 [context datasets] load from client
#12 ...

#17 [context datasets] load from client
#17 ...

#13 [context datasets] load from client
#13 ...

#16 [context datasets] load from client
#16 ...

#19 [context datasets] load from client
#19 ...

#14 [context datasets] load from client
#14 ...

#19 [context datasets] load from client
#19 ...

#15 [context datasets] load from client
#15 ...

#19 [context datasets] load from client
#19 ...

#9 [context datasets] load from client
#9 ...

#19 [context datasets] load from client
#19 ...

#10 [context datasets] load from client
#10 ...

#19 [context datasets] load from client
#19 transferring datasets: 8.75GB 619.9s
#19 ...

#8 [context datasets] load from client
#8 ...

#19 [context datasets] load from client
#19 ...

#18 [context datasets] load from client
#18 ...

#8 [context datasets] load from client
#8 transferring datasets: 8.80GB 625.3s
#8 ...

#11 [context datasets] load from client
#11 ...

#8 [context datasets] load from client
#8 ...

#17 [context datasets] load from client
#17 ...

#12 [context datasets] load from client
#12 ...

#8 [context datasets] load from client
#8 ...

#13 [context datasets] load from client
#13 ...

#16 [context datasets] load from client
#16 ...

#13 [context datasets] load from client
#13 ...

#14 [context datasets] load from client
#14 ...

#16 [context datasets] load from client
#16 ...

#15 [context datasets] load from client
#15 ...

#16 [context datasets] load from client
#16 ...

#9 [context datasets] load from client
#9 ...

#16 [context datasets] load from client
#16 ...

#10 [context datasets] load from client
#10 ...

#9 [context datasets] load from client
#9 transferring datasets: 8.81GB 630.2s
#9 ...

#12 [context datasets] load from client
#12 ...

#18 [context datasets] load from client
#18 ...

#19 [context datasets] load from client
#19 ...

#12 [context datasets] load from client
#12 transferring datasets: 8.83GB 635.2s
#12 ...

#11 [context datasets] load from client
#11 ...

#12 [context datasets] load from client
#12 ...

#17 [context datasets] load from client
#17 ...

#11 [context datasets] load from client
#11 ...

#8 [context datasets] load from client
#8 ...

#13 [context datasets] load from client
#13 ...

#11 [context datasets] load from client
#11 ...

#14 [context datasets] load from client
#14 ...

#17 [context datasets] load from client
#17 ...

#15 [context datasets] load from client
#15 ...

#12 [context datasets] load from client
#12 ...

#16 [context datasets] load from client
#16 ...

#12 [context datasets] load from client
#12 ...

#10 [context datasets] load from client
#10 ...

#15 [context datasets] load from client
#15 transferring datasets: 8.85GB 640.1s
#15 ...

#9 [context datasets] load from client
#9 ...

#18 [context datasets] load from client
#18 ...

#15 [context datasets] load from client
#15 ...

#19 [context datasets] load from client
#19 transferring datasets: 8.87GB 645.1s
#19 ...

#18 [context datasets] load from client
#18 ...

#13 [context datasets] load from client
#13 ...

#11 [context datasets] load from client
#11 ...

#8 [context datasets] load from client
#8 ...

#14 [context datasets] load from client
#14 ...

#8 [context datasets] load from client
#8 ...

#17 [context datasets] load from client
#17 ...

#19 [context datasets] load from client
#19 ...

#12 [context datasets] load from client
#12 ...

#16 [context datasets] load from client
#16 ...

#10 [context datasets] load from client
#10 ...

#16 [context datasets] load from client
#16 transferring datasets: 8.87GB 650.2s
#16 ...

#9 [context datasets] load from client
#9 ...

#16 [context datasets] load from client
#16 transferring datasets: 8.92GB 655.2s
#16 ...

#15 [context datasets] load from client
#15 ...

#16 [context datasets] load from client
#16 ...

#18 [context datasets] load from client
#18 ...

#16 [context datasets] load from client
#16 ...

#11 [context datasets] load from client
#11 ...

#13 [context datasets] load from client
#13 ...

#8 [context datasets] load from client
#8 ...

#14 [context datasets] load from client
#14 ...

#17 [context datasets] load from client
#17 ...

#14 [context datasets] load from client
#14 ...

#19 [context datasets] load from client
#19 ...

#12 [context datasets] load from client
#12 ...

#17 [context datasets] load from client
#17 ...

#10 [context datasets] load from client
#10 ...

#17 [context datasets] load from client
#17 transferring datasets: 8.96GB 660.3s
#17 ...

#9 [context datasets] load from client
#9 ...

#17 [context datasets] load from client
#17 transferring datasets: 8.98GB 665.3s
#17 ...

#15 [context datasets] load from client
#15 ...

#17 [context datasets] load from client
#17 ...

#18 [context datasets] load from client
#18 ...

#16 [context datasets] load from client
#16 ...

#11 [context datasets] load from client
#11 ...

#16 [context datasets] load from client
#16 ...

#13 [context datasets] load from client
#13 ...

#8 [context datasets] load from client
#8 ...

#13 [context datasets] load from client
#13 ...

#14 [context datasets] load from client
#14 ...

#19 [context datasets] load from client
#19 ...

#14 [context datasets] load from client
#14 ...

#12 [context datasets] load from client
#12 ...

#19 [context datasets] load from client
#19 transferring datasets: 9.00GB 670.3s
#19 ...

#10 [context datasets] load from client
#10 ...

#19 [context datasets] load from client
#19 ...

#9 [context datasets] load from client
#9 ...

#19 [context datasets] load from client
#19 transferring datasets: 9.05GB 675.4s
#19 ...

#15 [context datasets] load from client
#15 ...

#19 [context datasets] load from client
#19 ...

#17 [context datasets] load from client
#17 ...

#18 [context datasets] load from client
#18 ...

#17 [context datasets] load from client
#17 ...

#11 [context datasets] load from client
#11 ...

#16 [context datasets] load from client
#16 ...

#8 [context datasets] load from client
#8 ...

#16 [context datasets] load from client
#16 ...

#13 [context datasets] load from client
#13 ...

#16 [context datasets] load from client
#16 ...

#14 [context datasets] load from client
#14 ...

#12 [context datasets] load from client
#12 ...

#14 [context datasets] load from client
#14 transferring datasets: 9.07GB 680.6s
#14 ...

#10 [context datasets] load from client
#10 ...

#14 [context datasets] load from client
#14 ...

#9 [context datasets] load from client
#9 ...

#14 [context datasets] load from client
#14 transferring datasets: 9.10GB 685.6s
#14 ...

#15 [context datasets] load from client
#15 ...

#14 [context datasets] load from client
#14 ...

#19 [context datasets] load from client
#19 ...

#14 [context datasets] load from client
#14 ...

#18 [context datasets] load from client
#18 ...

#17 [context datasets] load from client
#17 ...

#11 [context datasets] load from client
#11 ...

#13 [context datasets] load from client
#13 ...

#16 [context datasets] load from client
#16 ...

#8 [context datasets] load from client
#8 ...

#16 [context datasets] load from client
#16 ...

#12 [context datasets] load from client
#12 transferring datasets: 9.13GB 690.7s
#12 ...

#10 [context datasets] load from client
#10 ...

#16 [context datasets] load from client
#16 ...

#9 [context datasets] load from client
#9 transferring datasets: 9.16GB 695.8s
#9 ...

#16 [context datasets] load from client
#16 ...

#15 [context datasets] load from client
#15 ...

#9 [context datasets] load from client
#9 ...

#19 [context datasets] load from client
#19 ...

#9 [context datasets] load from client
#9 ...

#18 [context datasets] load from client
#18 ...

#17 [context datasets] load from client
#17 ...

#14 [context datasets] load from client
#14 ...

#17 [context datasets] load from client
#17 ...

#13 [context datasets] load from client
#13 ...

#11 [context datasets] load from client
#11 ...

#8 [context datasets] load from client
#8 ...

#13 [context datasets] load from client
#13 ...

#12 [context datasets] load from client
#12 transferring datasets: 9.19GB 700.9s
#12 ...

#10 [context datasets] load from client
#10 ...

#13 [context datasets] load from client
#13 transferring datasets: 9.23GB 706.0s
#13 ...

#16 [context datasets] load from client
#16 ...

#15 [context datasets] load from client
#15 ...

#13 [context datasets] load from client
#13 ...

#19 [context datasets] load from client
#19 ...

#13 [context datasets] load from client
#13 ...

#9 [context datasets] load from client
#9 ...

#14 [context datasets] load from client
#14 ...

#18 [context datasets] load from client
#18 ...

#9 [context datasets] load from client
#9 ...

#17 [context datasets] load from client
#17 ...

#11 [context datasets] load from client
#11 ...

#8 [context datasets] load from client
#8 ...

#14 [context datasets] load from client
#14 transferring datasets: 9.22GB 711.1s
#14 ...

#12 [context datasets] load from client
#12 ...

#10 [context datasets] load from client
#10 ...

#12 [context datasets] load from client
#12 transferring datasets: 9.26GB 716.1s
#12 ...

#16 [context datasets] load from client
#16 ...

#12 [context datasets] load from client
#12 ...

#15 [context datasets] load from client
#15 ...

#12 [context datasets] load from client
#12 ...

#19 [context datasets] load from client
#19 ...

#12 [context datasets] load from client
#12 ...

#13 [context datasets] load from client
#13 ...

#12 [context datasets] load from client
#12 ...

#18 [context datasets] load from client
#18 ...

#17 [context datasets] load from client
#17 ...

#11 [context datasets] load from client
#11 ...

#9 [context datasets] load from client
#9 ...

#8 [context datasets] load from client
#8 ...

#15 [context datasets] load from client
#15 ...

#14 [context datasets] load from client
#14 ...

#16 [context datasets] load from client
#16 transferring datasets: 9.27GB 721.2s
#16 ...

#10 [context datasets] load from client
#10 transferring datasets: 9.32GB 726.4s
#10 ...

#19 [context datasets] load from client
#19 ...

#10 [context datasets] load from client
#10 ...

#13 [context datasets] load from client
#13 ...

#10 [context datasets] load from client
#10 ...

#12 [context datasets] load from client
#12 ...

#18 [context datasets] load from client
#18 ...

#17 [context datasets] load from client
#17 ...

#12 [context datasets] load from client
#12 ...

#9 [context datasets] load from client
#9 ...

#11 [context datasets] load from client
#11 ...

#8 [context datasets] load from client
#8 ...

#15 [context datasets] load from client
#15 ...

#14 [context datasets] load from client
#14 ...

#12 [context datasets] load from client
#12 transferring datasets: 9.35GB 731.5s
#12 ...

#16 [context datasets] load from client
#16 ...

#9 [context datasets] load from client
#9 transferring datasets: 9.38GB 736.6s
#9 ...

#16 [context datasets] load from client
#16 ...

#9 [context datasets] load from client
#9 ...

#19 [context datasets] load from client
#19 ...

#16 [context datasets] load from client
#16 ...

#13 [context datasets] load from client
#13 ...

#19 [context datasets] load from client
#19 ...

#10 [context datasets] load from client
#10 ...

#19 [context datasets] load from client
#19 ...

#17 [context datasets] load from client
#17 ...

#18 [context datasets] load from client
#18 ...

#19 [context datasets] load from client
#19 ...

#11 [context datasets] load from client
#11 ...

#8 [context datasets] load from client
#8 ...

#15 [context datasets] load from client
#15 ...

#14 [context datasets] load from client
#14 transferring datasets: 9.41GB 741.6s
#14 ...

#11 [context datasets] load from client
#11 ...

#12 [context datasets] load from client
#12 ...

#11 [context datasets] load from client
#11 transferring datasets: 9.48GB 746.7s
#11 ...

#17 [context datasets] load from client
#17 ...

#11 [context datasets] load from client
#11 ...

#9 [context datasets] load from client
#9 ...

#11 [context datasets] load from client
#11 ...

#16 [context datasets] load from client
#16 ...

#13 [context datasets] load from client
#13 ...

#12 [context datasets] load from client
#12 ...

#10 [context datasets] load from client
#10 ...

#13 [context datasets] load from client
#13 ...

#18 [context datasets] load from client
#18 ...

#13 [context datasets] load from client
#13 ...

#19 [context datasets] load from client
#19 ...

#14 [context datasets] load from client
#14 ...

#15 [context datasets] load from client
#15 ...

#8 [context datasets] load from client
#8 transferring datasets: 9.49GB 752.1s
#8 ...

#15 [context datasets] load from client
#15 transferring datasets: 9.50GB 756.9s
#15 ...

#12 [context datasets] load from client
#12 ...

#17 [context datasets] load from client
#17 ...

#11 [context datasets] load from client
#11 ...

#12 [context datasets] load from client
#12 ...

#9 [context datasets] load from client
#9 ...

#12 [context datasets] load from client
#12 ...

#16 [context datasets] load from client
#16 ...

#9 [context datasets] load from client
#9 ...

#10 [context datasets] load from client
#10 ...

#9 [context datasets] load from client
#9 ...

#18 [context datasets] load from client
#18 ...

#11 [context datasets] load from client
#11 ...

#13 [context datasets] load from client
#13 ...

#14 [context datasets] load from client
#14 ...

#19 [context datasets] load from client
#19 ...

#14 [context datasets] load from client
#14 ...

#8 [context datasets] load from client
#8 transferring datasets: 9.54GB 762.2s
#8 ...

#18 [context datasets] load from client
#18 ...

#19 [context datasets] load from client
#19 ...

#18 [context datasets] load from client
#18 transferring datasets: 9.56GB 767.2s
#18 ...

#15 [context datasets] load from client
#15 ...

#17 [context datasets] load from client
#17 ...

#19 [context datasets] load from client
#19 ...

#16 [context datasets] load from client
#16 ...

#12 [context datasets] load from client
#12 ...

#10 [context datasets] load from client
#10 ...

#9 [context datasets] load from client
#9 ...

#12 [context datasets] load from client
#12 ...

#11 [context datasets] load from client
#11 ...

#13 [context datasets] load from client
#13 ...

#14 [context datasets] load from client
#14 ...

#8 [context datasets] load from client
#8 ...

#12 [context datasets] load from client
#12 transferring datasets: 9.58GB 772.2s
#12 ...

#14 [context datasets] load from client
#14 transferring datasets: 9.58GB 777.4s
#14 ...

#18 [context datasets] load from client
#18 ...

#15 [context datasets] load from client
#15 ...

#17 [context datasets] load from client
#17 ...

#14 [context datasets] load from client
#14 ...

#19 [context datasets] load from client
#19 ...

#14 [context datasets] load from client
#14 ...

#16 [context datasets] load from client
#16 ...

#10 [context datasets] load from client
#10 ...

#9 [context datasets] load from client
#9 ...

#10 [context datasets] load from client
#10 ...

#11 [context datasets] load from client
#11 ...

#13 [context datasets] load from client
#13 ...

#11 [context datasets] load from client
#11 ...

#8 [context datasets] load from client
#8 ...

#13 [context datasets] load from client
#13 transferring datasets: 9.65GB 782.4s
#13 ...

#12 [context datasets] load from client
#12 transferring datasets: 9.68GB 787.4s
#12 ...

#13 [context datasets] load from client
#13 ...

#18 [context datasets] load from client
#18 ...

#15 [context datasets] load from client
#15 ...

#18 [context datasets] load from client
#18 ...

#17 [context datasets] load from client
#17 ...

#11 [context datasets] load from client
#11 ...

#17 [context datasets] load from client
#17 ...

#19 [context datasets] load from client
#19 ...

#9 [context datasets] load from client
#9 ...

#14 [context datasets] load from client
#14 ...

#16 [context datasets] load from client
#16 ...

#19 [context datasets] load from client
#19 ...

#10 [context datasets] load from client
#10 ...

#19 [context datasets] load from client
#19 ...

#8 [context datasets] load from client
#8 transferring datasets: 9.72GB 792.8s
#8 ...

#19 [context datasets] load from client
#19 transferring datasets: 9.72GB 797.5s
#19 ...

#12 [context datasets] load from client
#12 ...

#19 [context datasets] load from client
#19 ...

#13 [context datasets] load from client
#13 ...

#15 [context datasets] load from client
#15 ...

#8 [context datasets] load from client
#8 ...

#18 [context datasets] load from client
#18 ...

#13 [context datasets] load from client
#13 ...

#11 [context datasets] load from client
#11 ...

#8 [context datasets] load from client
#8 ...

#17 [context datasets] load from client
#17 ...

#8 [context datasets] load from client
#8 ...

#9 [context datasets] load from client
#9 ...

#8 [context datasets] load from client
#8 ...

#14 [context datasets] load from client
#14 ...

#16 [context datasets] load from client
#16 ...

#8 [context datasets] load from client
#8 ...

#10 [context datasets] load from client
#10 ...

#18 [context datasets] load from client
#18 transferring datasets: 9.75GB 802.6s
#18 ...

#8 [context datasets] load from client
#8 transferring datasets: 9.79GB 807.9s
#8 ...

#12 [context datasets] load from client
#12 ...

#19 [context datasets] load from client
#19 ...

#8 [context datasets] load from client
#8 ...

#15 [context datasets] load from client
#15 ...

#8 [context datasets] load from client
#8 ...

#11 [context datasets] load from client
#11 ...

#13 [context datasets] load from client
#13 ...

#11 [context datasets] load from client
#11 ...

#17 [context datasets] load from client
#17 ...

#8 [context datasets] load from client
#8 ...

#9 [context datasets] load from client
#9 ...

#8 [context datasets] load from client
#8 ...

#14 [context datasets] load from client
#14 ...

#8 [context datasets] load from client
#8 ...

#16 [context datasets] load from client
#16 ...

#8 [context datasets] load from client
#8 ...

#10 [context datasets] load from client
#10 ...

#15 [context datasets] load from client
#15 transferring datasets: 9.81GB 812.8s
#15 ...

#12 [context datasets] load from client
#12 ...

#19 [context datasets] load from client
#19 ...

#18 [context datasets] load from client
#18 ...

#19 [context datasets] load from client
#19 transferring datasets: 9.83GB 817.8s
#19 ...

#13 [context datasets] load from client
#13 ...

#19 [context datasets] load from client
#19 ...

#17 [context datasets] load from client
#17 ...

#11 [context datasets] load from client
#11 ...

#13 [context datasets] load from client
#13 ...

#9 [context datasets] load from client
#9 ...

#12 [context datasets] load from client
#12 ...

#9 [context datasets] load from client
#9 ...

#14 [context datasets] load from client
#14 ...

#9 [context datasets] load from client
#9 ...

#16 [context datasets] load from client
#16 ...

#11 [context datasets] load from client
#11 ...

#8 [context datasets] load from client
#8 ...

#11 [context datasets] load from client
#11 ...

#10 [context datasets] load from client
#10 ...

#12 [context datasets] load from client
#12 transferring datasets: 9.85GB 823.0s
#12 ...

#15 [context datasets] load from client
#15 ...

#12 [context datasets] load from client
#12 ...

#18 [context datasets] load from client
#18 ...

#15 [context datasets] load from client
#15 transferring datasets: 9.89GB 828.0s
#15 ...

#18 [context datasets] load from client
#18 ...

#15 [context datasets] load from client
#15 ...

#19 [context datasets] load from client
#19 ...

#15 [context datasets] load from client
#15 ...

#17 [context datasets] load from client
#17 ...

#13 [context datasets] load from client
#13 ...

#17 [context datasets] load from client
#17 ...

#14 [context datasets] load from client
#14 ...

#13 [context datasets] load from client
#13 ...

#9 [context datasets] load from client
#9 ...

#16 [context datasets] load from client
#16 ...

#13 [context datasets] load from client
#13 ...

#8 [context datasets] load from client
#8 ...

#10 [context datasets] load from client
#10 transferring datasets: 9.93GB 833.1s
#10 ...

#11 [context datasets] load from client
#11 ...

#10 [context datasets] load from client
#10 ...

#12 [context datasets] load from client
#12 ...

#10 [context datasets] load from client
#10 transferring datasets: 9.95GB 838.2s
#10 ...

#15 [context datasets] load from client
#15 ...

#18 [context datasets] load from client
#18 ...

#10 [context datasets] load from client
#10 ...

#19 [context datasets] load from client
#19 ...

#10 [context datasets] load from client
#10 ...

#17 [context datasets] load from client
#17 ...

#14 [context datasets] load from client
#14 ...

#10 [context datasets] load from client
#10 ...

#9 [context datasets] load from client
#9 ...

#16 [context datasets] load from client
#16 ...

#8 [context datasets] load from client
#8 ...

#13 [context datasets] load from client
#13 ...

#11 [context datasets] load from client
#11 transferring datasets: 10.01GB 843.5s
#11 ...

#16 [context datasets] load from client
#16 ...

#12 [context datasets] load from client
#12 ...

#16 [context datasets] load from client
#16 transferring datasets: 9.97GB 848.4s
#16 ...

#15 [context datasets] load from client
#15 ...

#18 [context datasets] load from client
#18 ...

#15 [context datasets] load from client
#15 ...

#19 [context datasets] load from client
#19 ...

#15 [context datasets] load from client
#15 ...

#17 [context datasets] load from client
#17 ...

#14 [context datasets] load from client
#14 ...

#17 [context datasets] load from client
#17 ...

#9 [context datasets] load from client
#9 ...

#8 [context datasets] load from client
#8 ...

#10 [context datasets] load from client
#10 ...

#13 [context datasets] load from client
#13 ...

#11 [context datasets] load from client
#11 transferring datasets: 10.06GB 853.7s
#11 ...

#10 [context datasets] load from client
#10 ...

#12 [context datasets] load from client
#12 ...

#10 [context datasets] load from client
#10 transferring datasets: 10.06GB 858.6s
#10 ...

#16 [context datasets] load from client
#16 ...

#8 [context datasets] load from client
#8 ...

#16 [context datasets] load from client
#16 ...

#18 [context datasets] load from client
#18 ...

#16 [context datasets] load from client
#16 ...

#19 [context datasets] load from client
#19 ...

#17 [context datasets] load from client
#17 ...

#15 [context datasets] load from client
#15 ...

#19 [context datasets] load from client
#19 ...

#14 [context datasets] load from client
#14 ...

#19 [context datasets] load from client
#19 ...

#9 [context datasets] load from client
#9 ...

#15 [context datasets] load from client
#15 transferring datasets: 10.08GB 863.7s
#15 ...

#13 [context datasets] load from client
#13 ...

#11 [context datasets] load from client
#11 ...

#13 [context datasets] load from client
#13 ...

#12 [context datasets] load from client
#12 ...

#13 [context datasets] load from client
#13 transferring datasets: 10.12GB 868.8s
#13 ...

#10 [context datasets] load from client
#10 ...

#8 [context datasets] load from client
#8 ...

#10 [context datasets] load from client
#10 ...

#18 [context datasets] load from client
#18 ...

#10 [context datasets] load from client
#10 ...

#16 [context datasets] load from client
#16 ...

#10 [context datasets] load from client
#10 ...

#17 [context datasets] load from client
#17 ...

#10 [context datasets] load from client
#10 ...

#14 [context datasets] load from client
#14 ...

#10 [context datasets] load from client
#10 ...

#19 [context datasets] load from client
#19 ...

#9 [context datasets] load from client
#9 ...

#19 [context datasets] load from client
#19 transferring datasets: 10.13GB 873.8s
#19 ...

#15 [context datasets] load from client
#15 ...

#19 [context datasets] load from client
#19 ...

#11 [context datasets] load from client
#11 ...

#19 [context datasets] load from client
#19 ...

#12 [context datasets] load from client
#12 ...

#19 [context datasets] load from client
#19 transferring datasets: 10.18GB 878.9s
#19 ...

#13 [context datasets] load from client
#13 ...

#19 [context datasets] load from client
#19 ...

#8 [context datasets] load from client
#8 ...

#19 [context datasets] load from client
#19 ...

#18 [context datasets] load from client
#18 ...

#19 [context datasets] load from client
#19 ...

#16 [context datasets] load from client
#16 ...

#19 [context datasets] load from client
#19 ...

#17 [context datasets] load from client
#17 ...

#19 [context datasets] load from client
#19 ...

#14 [context datasets] load from client
#14 ...

#9 [context datasets] load from client
#9 ...

#10 [context datasets] load from client
#10 ...

#9 [context datasets] load from client
#9 transferring datasets: 10.21GB 884.1s
#9 ...

#15 [context datasets] load from client
#15 ...

#11 [context datasets] load from client
#11 ...

#12 [context datasets] load from client
#12 ...

#11 [context datasets] load from client
#11 transferring datasets: 10.28GB 889.3s
#11 ...

#13 [context datasets] load from client
#13 ...

#11 [context datasets] load from client
#11 ...

#8 [context datasets] load from client
#8 ...

#13 [context datasets] load from client
#13 ...

#18 [context datasets] load from client
#18 ...

#8 [context datasets] load from client
#8 ...

#16 [context datasets] load from client
#16 ...

#8 [context datasets] load from client
#8 ...

#17 [context datasets] load from client
#17 ...

#8 [context datasets] load from client
#8 ...

#14 [context datasets] load from client
#14 ...

#19 [context datasets] load from client
#19 ...

#8 [context datasets] load from client
#8 ...

#10 [context datasets] load from client
#10 ...

#8 [context datasets] load from client
#8 transferring datasets: 10.29GB 894.6s
#8 ...

#9 [context datasets] load from client
#9 ...

#15 [context datasets] load from client
#15 ...

#12 [context datasets] load from client
#12 ...

#15 [context datasets] load from client
#15 transferring datasets: 10.27GB 899.3s
#15 ...

#11 [context datasets] load from client
#11 ...

#15 [context datasets] load from client
#15 ...

#18 [context datasets] load from client
#18 ...

#13 [context datasets] load from client
#13 ...

#11 [context datasets] load from client
#11 ...

#16 [context datasets] load from client
#16 ...

#11 [context datasets] load from client
#11 ...

#17 [context datasets] load from client
#17 ...

#14 [context datasets] load from client
#14 ...

#17 [context datasets] load from client
#17 ...

#19 [context datasets] load from client
#19 ...

#17 [context datasets] load from client
#17 ...

#10 [context datasets] load from client
#10 ...

#19 [context datasets] load from client
#19 transferring datasets: 10.31GB 904.3s
#19 ...

#8 [context datasets] load from client
#8 ...

#9 [context datasets] load from client
#9 ...

#8 [context datasets] load from client
#8 ...

#12 [context datasets] load from client
#12 ...

#8 [context datasets] load from client
#8 transferring datasets: 10.37GB 909.7s
#8 ...

#10 [context datasets] load from client
#10 ...

#8 [context datasets] load from client
#8 ...

#15 [context datasets] load from client
#15 ...

#18 [context datasets] load from client
#18 ...

#15 [context datasets] load from client
#15 ...

#13 [context datasets] load from client
#13 ...

#15 [context datasets] load from client
#15 ...

#16 [context datasets] load from client
#16 ...

#19 [context datasets] load from client
#19 ...

#11 [context datasets] load from client
#11 ...

#14 [context datasets] load from client
#14 ...

#11 [context datasets] load from client
#11 ...

#17 [context datasets] load from client
#17 ...

#9 [context datasets] load from client
#9 transferring datasets: 10.36GB 914.6s
#9 ...

#11 [context datasets] load from client
#11 ...

#12 [context datasets] load from client
#12 ...

#11 [context datasets] load from client
#11 transferring datasets: 10.42GB 919.7s
#11 ...

#16 [context datasets] load from client
#16 ...

#11 [context datasets] load from client
#11 ...

#10 [context datasets] load from client
#10 ...

#11 [context datasets] load from client
#11 ...

#8 [context datasets] load from client
#8 ...

#10 [context datasets] load from client
#10 ...

#18 [context datasets] load from client
#18 ...

#10 [context datasets] load from client
#10 ...

#13 [context datasets] load from client
#13 ...

#10 [context datasets] load from client
#10 ...

#15 [context datasets] load from client
#15 ...

#19 [context datasets] load from client
#19 ...

#15 [context datasets] load from client
#15 ...

#14 [context datasets] load from client
#14 ...

#15 [context datasets] load from client
#15 ...

#17 [context datasets] load from client
#17 transferring datasets: 10.41GB 924.5s
#17 ...

#15 [context datasets] load from client
#15 ...

#9 [context datasets] load from client
#9 ...

#15 [context datasets] load from client
#15 ...

#12 [context datasets] load from client
#12 ...

#15 [context datasets] load from client
#15 transferring datasets: 10.46GB 929.6s
#15 ...

#16 [context datasets] load from client
#16 ...

#15 [context datasets] load from client
#15 ...

#11 [context datasets] load from client
#11 ...

#8 [context datasets] load from client
#8 ...

#18 [context datasets] load from client
#18 ...

#8 [context datasets] load from client
#8 ...

#13 [context datasets] load from client
#13 ...

#8 [context datasets] load from client
#8 ...

#10 [context datasets] load from client
#10 ...

#8 [context datasets] load from client
#8 ...

#19 [context datasets] load from client
#19 ...

#10 [context datasets] load from client
#10 ...

#14 [context datasets] load from client
#14 ...

#19 [context datasets] load from client
#19 ...

#17 [context datasets] load from client
#17 transferring datasets: 10.47GB 934.9s
#17 ...

#19 [context datasets] load from client
#19 ...

#9 [context datasets] load from client
#9 ...

#19 [context datasets] load from client
#19 ...

#12 [context datasets] load from client
#12 ...

#19 [context datasets] load from client
#19 transferring datasets: 10.51GB 939.9s
#19 ...

#16 [context datasets] load from client
#16 ...

#19 [context datasets] load from client
#19 ...

#15 [context datasets] load from client
#15 ...

#11 [context datasets] load from client
#11 ...

#15 [context datasets] load from client
#15 ...

#18 [context datasets] load from client
#18 ...

#8 [context datasets] load from client
#8 ...

#11 [context datasets] load from client
#11 ...

#13 [context datasets] load from client
#13 ...

#11 [context datasets] load from client
#11 ...

#10 [context datasets] load from client
#10 ...

#14 [context datasets] load from client
#14 ...

#11 [context datasets] load from client
#11 ...

#17 [context datasets] load from client
#17 ...

#15 [context datasets] load from client
#15 transferring datasets: 10.52GB 945.2s
#15 ...

#9 [context datasets] load from client
#9 ...

#11 [context datasets] load from client
#11 ...

#12 [context datasets] load from client
#12 ...

#11 [context datasets] load from client
#11 transferring datasets: 10.58GB 950.4s
#11 ...

#16 [context datasets] load from client
#16 ...

#11 [context datasets] load from client
#11 ...

#19 [context datasets] load from client
#19 ...

#16 [context datasets] load from client
#16 ...

#18 [context datasets] load from client
#18 ...

#19 [context datasets] load from client
#19 ...

#8 [context datasets] load from client
#8 ...

#19 [context datasets] load from client
#19 ...

#13 [context datasets] load from client
#13 ...

#18 [context datasets] load from client
#18 ...

#10 [context datasets] load from client
#10 ...

#18 [context datasets] load from client
#18 ...

#14 [context datasets] load from client
#14 ...

#18 [context datasets] load from client
#18 transferring datasets: 10.57GB 955.4s
#18 ...

#15 [context datasets] load from client
#15 ...

#17 [context datasets] load from client
#17 ...

#9 [context datasets] load from client
#9 ...

#17 [context datasets] load from client
#17 ...

#12 [context datasets] load from client
#12 ...

#19 [context datasets] load from client
#19 ...

#11 [context datasets] load from client
#11 ...

#19 [context datasets] load from client
#19 transferring datasets: 10.60GB 960.6s
#19 ...

#16 [context datasets] load from client
#16 ...

#19 [context datasets] load from client
#19 ...

#8 [context datasets] load from client
#8 ...

#19 [context datasets] load from client
#19 ...

#13 [context datasets] load from client
#13 ...

#19 [context datasets] load from client
#19 ...

#10 [context datasets] load from client
#10 ...

#14 [context datasets] load from client
#14 ...

#10 [context datasets] load from client
#10 ...

#18 [context datasets] load from client
#18 ...

#15 [context datasets] load from client
#15 transferring datasets: 10.61GB 965.7s
#15 ...

#18 [context datasets] load from client
#18 ...

#9 [context datasets] load from client
#9 ...

#15 [context datasets] load from client
#15 ...

#17 [context datasets] load from client
#17 ...

#12 [context datasets] load from client
#12 ...

#15 [context datasets] load from client
#15 ...

#11 [context datasets] load from client
#11 ...

#15 [context datasets] load from client
#15 transferring datasets: 10.64GB 970.7s
#15 ...

#16 [context datasets] load from client
#16 ...

#15 [context datasets] load from client
#15 ...

#8 [context datasets] load from client
#8 ...

#15 [context datasets] load from client
#15 ...

#13 [context datasets] load from client
#13 ...

#15 [context datasets] load from client
#15 ...

#19 [context datasets] load from client
#19 ...

#15 [context datasets] load from client
#15 ...

#14 [context datasets] load from client
#14 ...

#15 [context datasets] load from client
#15 ...

#10 [context datasets] load from client
#10 transferring datasets: 10.69GB 975.8s
#10 ...

#14 [context datasets] load from client
#14 ...

#18 [context datasets] load from client
#18 ...

#9 [context datasets] load from client
#9 ...

#18 [context datasets] load from client
#18 ...

#17 [context datasets] load from client
#17 ...

#12 [context datasets] load from client
#12 ...

#17 [context datasets] load from client
#17 ...

#11 [context datasets] load from client
#11 ...

#16 [context datasets] load from client
#16 ...

#11 [context datasets] load from client
#11 transferring datasets: 10.74GB 979.6s done
#11 ...

#8 [context datasets] load from client
#8 transferring datasets: 10.74GB 981.2s done
#8 ...

#13 [context datasets] load from client
#13 ...

#11 [context datasets] load from client
#11 DONE 983.8s

#13 [context datasets] load from client
#13 ...

#16 [context datasets] load from client
#16 ...

#8 [context datasets] load from client
#8 DONE 985.2s

#16 [context datasets] load from client
#16 ...

#14 [context datasets] load from client
#14 ...

#16 [context datasets] load from client
#16 ...

#19 [context datasets] load from client
#19 ...

#16 [context datasets] load from client
#16 ...

#15 [context datasets] load from client
#15 transferring datasets: 10.72GB 985.9s
#15 ...

#16 [context datasets] load from client
#16 ...

#10 [context datasets] load from client
#10 ...

#9 [context datasets] load from client
#9 ...

#18 [context datasets] load from client
#18 ...

#9 [context datasets] load from client
#9 ...

#12 [context datasets] load from client
#12 ...

#16 [context datasets] load from client
#16 ...

#13 [context datasets] load from client
#13 transferring datasets: 10.74GB 984.7s done
#13 DONE 988.2s

#16 [context datasets] load from client
#16 ...

#17 [context datasets] load from client
#17 transferring datasets: 10.74GB 988.7s done
#17 ...

#16 [context datasets] load from client
#16 transferring datasets: 10.74GB 990.2s done
#16 ...

#19 [context datasets] load from client
#19 transferring datasets: 10.74GB 986.6s done
#19 DONE 992.5s

#14 [context datasets] load from client
#14 transferring datasets: 10.74GB 989.0s done
#14 ...

#18 [context datasets] load from client
#18 transferring datasets: 10.74GB 987.7s done
#18 DONE 994.4s

#15 [context datasets] load from client
#15 transferring datasets: 10.74GB 989.0s done
#15 ...

#10 [context datasets] load from client
#10 transferring datasets: 10.74GB 987.8s done
#10 DONE 994.4s

#12 [context datasets] load from client
#12 transferring datasets: 10.74GB 988.1s done
#12 DONE 994.5s

#9 [context datasets] load from client
#9 transferring datasets: 10.74GB 988.5s done
#9 DONE 994.5s

#17 [context datasets] load from client
#17 DONE 994.5s

#14 [context datasets] load from client
#14 DONE 994.6s

#15 [context datasets] load from client
#15 DONE 994.6s

#16 [context datasets] load from client
#16 DONE 994.6s

#20 [stage-0  4/13] COPY --from=datasets probe-chunk-03.bin /data/
#20 CACHED

#21 [stage-0  9/13] COPY --from=datasets probe-chunk-08.bin /data/
#21 CACHED

#22 [stage-0  5/13] COPY --from=datasets probe-chunk-04.bin /data/
#22 CACHED

#23 [stage-0  8/13] COPY --from=datasets probe-chunk-07.bin /data/
#23 CACHED

#24 [stage-0 10/13] COPY --from=datasets probe-chunk-09.bin /data/
#24 CACHED

#25 [stage-0 11/13] COPY --from=datasets probe-chunk-10.bin /data/
#25 CACHED

#26 [stage-0 12/13] COPY --from=datasets probe-chunk-11.bin /data/
#26 CACHED

#27 [stage-0  2/13] COPY --from=datasets probe-chunk-01.bin /data/
#27 CACHED

#28 [stage-0  3/13] COPY --from=datasets probe-chunk-02.bin /data/
#28 CACHED

#29 [stage-0  6/13] COPY --from=datasets probe-chunk-05.bin /data/
#29 CACHED

#30 [stage-0  7/13] COPY --from=datasets probe-chunk-06.bin /data/
#30 CACHED

#31 [stage-0 13/13] COPY --from=datasets probe-chunk-12.bin /data/
#31 CACHED

#32 exporting to image
#32 exporting layers
[2026-08-05T19:24:16Z] SCALED-DOWN probe (2x10G) after two VM crashes during 120G export
generating datasets-probe/probe-chunk-1.bin (10G random)
[2026-08-05T19:24:30Z] retry g20 after third crash
generating datasets-probe/probe-chunk-1.bin (10G random)
mv: cannot stat 'datasets-probe/probe-chunk-1.bin.part': No such file or directory
generating datasets-probe/probe-chunk-2.bin (10G random)
[2026-08-05T19:25:05Z] g20 push rc=0
wrote images/probe/synthetic/Dockerfile.generated (2 COPY lines)
#0 building with "default" instance using docker driver

#1 [internal] load build definition from Dockerfile.generated
#1 transferring dockerfile: 287B done
#1 DONE 0.0s

#2 resolve image config for docker-image://docker.io/docker/dockerfile:1
#2 DONE 0.3s

#3 docker-image://docker.io/docker/dockerfile:1@sha256:87999aa3d42bdc6bea60565083ee17e86d1f3339802f543c0d03998580f9cb89
#3 resolve docker.io/docker/dockerfile:1@sha256:87999aa3d42bdc6bea60565083ee17e86d1f3339802f543c0d03998580f9cb89 0.0s done
#3 CACHED

#4 [internal] load metadata for docker.io/library/busybox:latest
#4 ...

#5 [context datasets] load .dockerignore
#5 transferring datasets: 2B done
#5 DONE 0.0s

#4 [internal] load metadata for docker.io/library/busybox:latest
#4 DONE 0.2s

#6 [internal] load .dockerignore
#6 transferring context: 2B done
#6 DONE 0.0s

#7 [stage-0 1/3] FROM docker.io/library/busybox:latest@sha256:dc2d74b28e4cf8984fa52af1f39bc7c3d9c73760b41a74d629f5d11b1ab28616
#7 resolve docker.io/library/busybox:latest@sha256:dc2d74b28e4cf8984fa52af1f39bc7c3d9c73760b41a74d629f5d11b1ab28616 0.0s done
#7 DONE 0.0s

#8 [context datasets] load from client
#8 transferring datasets: 573.81MB 1.8s
#8 transferring datasets: 2.28GB 6.9s
#8 ...

#9 [context datasets] load from client
#9 ...

#8 [context datasets] load from client
#8 transferring datasets: 4.01GB 11.9s
#8 transferring datasets: 5.68GB 16.9s
#8 ...

#9 [context datasets] load from client
#9 ...

#8 [context datasets] load from client
#8 transferring datasets: 7.37GB 21.9s
#8 transferring datasets: 9.06GB 26.9s
#8 ...

#9 [context datasets] load from client
#9 ...

#8 [context datasets] load from client
#8 transferring datasets: 10.74GB 32.0s done
#8 ...

#9 [context datasets] load from client
#9 transferring datasets: 10.74GB 32.0s done
#9 DONE 32.1s

#8 [context datasets] load from client
#8 DONE 32.2s

#7 [stage-0 1/3] FROM docker.io/library/busybox:latest@sha256:dc2d74b28e4cf8984fa52af1f39bc7c3d9c73760b41a74d629f5d11b1ab28616
#7 CACHED

#10 [stage-0 2/3] COPY --from=datasets probe-chunk-1.bin /data/
#10 DONE 13.4s

#11 [stage-0 3/3] COPY --from=datasets probe-chunk-2.bin /data/
#11 DONE 17.8s

#12 exporting to image
#12 exporting layers
#12 exporting layers 220.9s done
#12 exporting manifest sha256:85a574ff249ff8b6fab6cf6cdfb7e7faa443daa440f4e269c6c3c4a13401bb99 0.0s done
#12 exporting config sha256:765f368f9b27a11f4bc9a991dd426490b91e04571d2e70976b7a4fc959ab7eb8 0.0s done
#12 exporting attestation manifest sha256:8bc58cbcd2f8afee5fa7ab1d656121fe82da65522bf74992229490b04d3ce0ab 0.0s done
#12 exporting manifest list sha256:1edfc2dad0bfcb592d7434919b33419a60434e8e18381a5d1b27b3fc6bf2d413 0.0s done
#12 naming to ghcr.io/shkolnik-beep/registry-probe:g20
#12 naming to ghcr.io/shkolnik-beep/registry-probe:g20 done
#12 unpacking to ghcr.io/shkolnik-beep/registry-probe:g20
#12 unpacking to ghcr.io/shkolnik-beep/registry-probe:g20 38.4s done
#12 DONE 259.8s

 [33m1 warning found (use docker --debug to expand):
[0m - JSONArgsRecommended: JSON arguments recommended for CMD to prevent unintended behavior related to OS signals (line 6)
[2026-08-05T19:30:56Z] g20 build done
The push refers to repository [ghcr.io/shkolnik-beep/registry-probe]
28a8d85539dd: Waiting
b05093807bb0: Waiting
b6fa992bc6f1: Waiting
570bfd2ce597: Waiting
b6fa992bc6f1: Waiting
570bfd2ce597: Waiting
28a8d85539dd: Waiting
b05093807bb0: Waiting
570bfd2ce597: Waiting
28a8d85539dd: Waiting
b05093807bb0: Waiting
b6fa992bc6f1: Waiting
570bfd2ce597: Waiting
28a8d85539dd: Waiting
b05093807bb0: Waiting
b6fa992bc6f1: Waiting
b05093807bb0: Waiting
b05093807bb0: Mounted from shkolnik-beep/registry-probe-tiny
570bfd2ce597: Pushed
28a8d85539dd: Pushed
b6fa992bc6f1: Pushed
g20: digest: sha256:1edfc2dad0bfcb592d7434919b33419a60434e8e18381a5d1b27b3fc6bf2d413 size: 855
[2026-08-05T19:34:49Z] g20 push rc=0
[2026-08-05T19:35:53Z] staircase g40 (4 chunks)
exists: datasets-probe/probe-chunk-1.bin
exists: datasets-probe/probe-chunk-2.bin
generating datasets-probe/probe-chunk-3.bin (10G random)
generating datasets-probe/probe-chunk-4.bin (10G random)
wrote images/probe/synthetic/Dockerfile.generated (4 COPY lines)
#0 building with "default" instance using docker driver

#1 [internal] load build definition from Dockerfile.generated
#1 DONE 0.0s

#1 [internal] load build definition from Dockerfile.generated
#1 transferring dockerfile:
#1 transferring dockerfile: 379B done
#1 DONE 0.5s

#2 resolve image config for docker-image://docker.io/docker/dockerfile:1
#2 DONE 0.3s

#3 docker-image://docker.io/docker/dockerfile:1@sha256:87999aa3d42bdc6bea60565083ee17e86d1f3339802f543c0d03998580f9cb89
#3 resolve docker.io/docker/dockerfile:1@sha256:87999aa3d42bdc6bea60565083ee17e86d1f3339802f543c0d03998580f9cb89 0.0s done
#3 CACHED

#4 [internal] load metadata for docker.io/library/busybox:latest
#4 ...

#5 [context datasets] load .dockerignore
#5 transferring datasets: 2B done
#5 DONE 0.0s

#4 [internal] load metadata for docker.io/library/busybox:latest
#4 DONE 0.2s

#6 [internal] load .dockerignore
#6 transferring context: 2B done
#6 DONE 0.0s

#7 [stage-0 1/5] FROM docker.io/library/busybox:latest@sha256:dc2d74b28e4cf8984fa52af1f39bc7c3d9c73760b41a74d629f5d11b1ab28616
#7 resolve docker.io/library/busybox:latest@sha256:dc2d74b28e4cf8984fa52af1f39bc7c3d9c73760b41a74d629f5d11b1ab28616 0.0s done
#7 DONE 0.0s

#8 [context datasets] load from client
#8 transferring datasets: 182.62MB 1.0s
#8 transferring datasets: 909.77MB 6.1s
#8 ...

#9 [context datasets] load from client
#9 ...

#8 [context datasets] load from client
#8 ...

#10 [context datasets] load from client
#10 ...

#11 [context datasets] load from client
#11 ...

#8 [context datasets] load from client
#8 transferring datasets: 1.21GB 11.2s
#8 transferring datasets: 1.28GB 16.2s
#8 ...

#9 [context datasets] load from client
#9 ...

#8 [context datasets] load from client
#8 ...

#10 [context datasets] load from client
#10 ...

#8 [context datasets] load from client
#8 ...

#11 [context datasets] load from client
#11 ...

#8 [context datasets] load from client
#8 transferring datasets: 1.37GB 21.4s
#8 transferring datasets: 1.42GB 26.4s
#8 ...

#9 [context datasets] load from client
#9 ...

#8 [context datasets] load from client
#8 ...

#10 [context datasets] load from client
#10 ...

#8 [context datasets] load from client
#8 ...

#11 [context datasets] load from client
#11 ...

#8 [context datasets] load from client
#8 transferring datasets: 1.46GB 31.5s
#8 transferring datasets: 1.49GB 36.5s
#8 ...

#9 [context datasets] load from client
#9 ...

#8 [context datasets] load from client
#8 ...

#10 [context datasets] load from client
#10 ...

#8 [context datasets] load from client
#8 ...

#11 [context datasets] load from client
#11 ...

#10 [context datasets] load from client
#10 ...

#9 [context datasets] load from client
#9 transferring datasets: 10.74GB 40.7s done
#9 DONE 41.8s

#10 [context datasets] load from client
#10 ...

#11 [context datasets] load from client
#11 transferring datasets: 10.74GB 41.2s done
#11 DONE 43.0s

#10 [context datasets] load from client
#10 transferring datasets: 1.61GB 46.2s
#10 ...

#8 [context datasets] load from client
#8 ...

#10 [context datasets] load from client
#10 transferring datasets: 2.29GB 51.4s
#10 transferring datasets: 3.24GB 56.4s
#10 ...

#8 [context datasets] load from client
#8 ...

#10 [context datasets] load from client
#10 transferring datasets: 4.25GB 61.6s
#10 transferring datasets: 5.04GB 66.8s
#10 ...

#8 [context datasets] load from client
#8 ...

#10 [context datasets] load from client
#10 transferring datasets: 5.73GB 71.8s
#10 transferring datasets: 6.35GB 76.8s
#10 ...

#8 [context datasets] load from client
#8 ...

#10 [context datasets] load from client
#10 transferring datasets: 7.19GB 81.9s
#10 transferring datasets: 8.13GB 86.9s
#10 ...

#8 [context datasets] load from client
#8 ...

#10 [context datasets] load from client
#10 transferring datasets: 9.16GB 92.0s
#10 transferring datasets: 9.69GB 97.0s
#10 ...

#8 [context datasets] load from client
#8 transferring datasets: 10.74GB 100.4s done
#8 DONE 100.4s

#10 [context datasets] load from client
#10 transferring datasets: 10.74GB 100.6s done
#10 DONE 100.7s

#12 [stage-0 2/5] COPY --from=datasets probe-chunk-1.bin /data/
#12 CACHED

#13 [stage-0 3/5] COPY --from=datasets probe-chunk-2.bin /data/
#13 CACHED

#14 [stage-0 4/5] COPY --from=datasets probe-chunk-3.bin /data/
#14 DONE 22.2s

#15 [stage-0 5/5] COPY --from=datasets probe-chunk-4.bin /data/
#15 DONE 20.5s

#16 exporting to image
#16 exporting layers
#16 exporting layers 254.3s done
#16 exporting manifest sha256:22042a6d8b37b7ebcbee8213e150fc7c6fc2c155e779c8cd79a8335c8fce8213 0.0s done
#16 exporting config sha256:c01727d230c2e0fe4bca89008a19c2ee66fd3f9a9db823e364a6ca0d0893b903 0.1s done
#16 exporting attestation manifest sha256:2c3c59ed27de2ebacf19ed4ebb364d34b163091638e1b2039c4b3c4ead549784
#16 exporting attestation manifest sha256:2c3c59ed27de2ebacf19ed4ebb364d34b163091638e1b2039c4b3c4ead549784 0.1s done
#16 exporting manifest list sha256:2ebeb481e12000d84877bcc3e6fa7ca6c696f946d8e514f3c31ca5d78328a9db
#16 exporting manifest list sha256:2ebeb481e12000d84877bcc3e6fa7ca6c696f946d8e514f3c31ca5d78328a9db 0.0s done
#16 naming to ghcr.io/shkolnik-beep/registry-probe:g40 done
#16 unpacking to ghcr.io/shkolnik-beep/registry-probe:g40
#16 unpacking to ghcr.io/shkolnik-beep/registry-probe:g40 25.6s done
#16 DONE 280.5s

 [33m1 warning found (use docker --debug to expand):
[0m - JSONArgsRecommended: JSON arguments recommended for CMD to prevent unintended behavior related to OS signals (line 8)
[2026-08-05T19:44:40Z] g40 build done
The push refers to repository [ghcr.io/shkolnik-beep/registry-probe]
ee5a54ab470c: Waiting
e68b738ca162: Waiting
b6fa992bc6f1: Waiting
28a8d85539dd: Waiting
df86dfa37875: Waiting
b05093807bb0: Waiting
ee5a54ab470c: Waiting
e68b738ca162: Waiting
b6fa992bc6f1: Waiting
28a8d85539dd: Waiting
df86dfa37875: Waiting
b05093807bb0: Waiting
ee5a54ab470c: Waiting
e68b738ca162: Waiting
b6fa992bc6f1: Waiting
28a8d85539dd: Waiting
df86dfa37875: Waiting
b05093807bb0: Waiting
b05093807bb0: Layer already exists
ee5a54ab470c: Waiting
e68b738ca162: Waiting
b6fa992bc6f1: Waiting
28a8d85539dd: Waiting
df86dfa37875: Waiting
e68b738ca162: Waiting
b6fa992bc6f1: Layer already exists
28a8d85539dd: Layer already exists
df86dfa37875: Waiting
ee5a54ab470c: Pushed
e68b738ca162: Pushed
df86dfa37875: Pushed
g40: digest: sha256:2ebeb481e12000d84877bcc3e6fa7ca6c696f946d8e514f3c31ca5d78328a9db size: 856
[2026-08-05T19:48:30Z] g40 push rc=0
[2026-08-05T19:48:44Z] staircase g60 (6 chunks)
exists: datasets-probe/probe-chunk-1.bin
exists: datasets-probe/probe-chunk-2.bin
exists: datasets-probe/probe-chunk-3.bin
exists: datasets-probe/probe-chunk-4.bin
generating datasets-probe/probe-chunk-5.bin (10G random)
generating datasets-probe/probe-chunk-6.bin (10G random)
wrote images/probe/synthetic/Dockerfile.generated (6 COPY lines)
#0 building with "default" instance using docker driver

#1 [internal] load build definition from Dockerfile.generated
#1 transferring dockerfile:
#1 transferring dockerfile: 471B done
#1 DONE 1.0s

#2 resolve image config for docker-image://docker.io/docker/dockerfile:1
#2 DONE 1.8s

#3 docker-image://docker.io/docker/dockerfile:1@sha256:87999aa3d42bdc6bea60565083ee17e86d1f3339802f543c0d03998580f9cb89
#3 resolve docker.io/docker/dockerfile:1@sha256:87999aa3d42bdc6bea60565083ee17e86d1f3339802f543c0d03998580f9cb89 0.0s done
#3 CACHED

#4 [internal] load metadata for docker.io/library/busybox:latest
#4 ...

#5 [context datasets] load .dockerignore
#5 transferring datasets: 2B done
#5 DONE 0.0s

#4 [internal] load metadata for docker.io/library/busybox:latest
#4 DONE 0.2s

#6 [internal] load .dockerignore
#6 transferring context: 2B done
#6 DONE 0.0s

#7 [stage-0 1/7] FROM docker.io/library/busybox:latest@sha256:dc2d74b28e4cf8984fa52af1f39bc7c3d9c73760b41a74d629f5d11b1ab28616
#7 resolve docker.io/library/busybox:latest@sha256:dc2d74b28e4cf8984fa52af1f39bc7c3d9c73760b41a74d629f5d11b1ab28616 0.0s done
#7 DONE 0.0s

#8 [context datasets] load from client
#8 transferring datasets: 40B
#8 transferring datasets: 477.71MB 5.0s
#8 ...

#9 [context datasets] load from client
#9 ...

#10 [context datasets] load from client
#10 ...

#9 [context datasets] load from client
#9 ...

#11 [context datasets] load from client
#11 ...

#12 [context datasets] load from client
#12 transferring datasets: 1.59GB 10.2s
#12 ...

#13 [context datasets] load from client
#13 ...

#12 [context datasets] load from client
#12 transferring datasets: 3.20GB 15.2s
#12 ...

#8 [context datasets] load from client
#8 ...

#12 [context datasets] load from client
#12 ...

#10 [context datasets] load from client
#10 ...

#12 [context datasets] load from client
#12 ...

#11 [context datasets] load from client
#11 transferring datasets: 881.13MB 20.3s
#11 ...

#9 [context datasets] load from client
#9 ...

#11 [context datasets] load from client
#11 ...

#13 [context datasets] load from client
#13 ...

#11 [context datasets] load from client
#11 transferring datasets: 946.81MB 25.3s
#11 ...

#12 [context datasets] load from client
#12 ...

#11 [context datasets] load from client
#11 ...

#8 [context datasets] load from client
#8 ...

#10 [context datasets] load from client
#10 ...

#8 [context datasets] load from client
#8 transferring datasets: 1.03GB 30.3s
#8 ...

#9 [context datasets] load from client
#9 ...

#8 [context datasets] load from client
#8 ...

#13 [context datasets] load from client
#13 ...

#9 [context datasets] load from client
#9 transferring datasets: 7.39GB 35.5s
#9 ...

#12 [context datasets] load from client
#12 ...

#11 [context datasets] load from client
#11 ...

#12 [context datasets] load from client
#12 ...

#10 [context datasets] load from client
#10 ...

#12 [context datasets] load from client
#12 transferring datasets: 8.26GB 40.7s
#12 ...

#8 [context datasets] load from client
#8 ...

#12 [context datasets] load from client
#12 ...

#13 [context datasets] load from client
#13 ...

#12 [context datasets] load from client
#12 transferring datasets: 9.40GB 45.8s
#12 ...

#9 [context datasets] load from client
#9 ...

#12 [context datasets] load from client
#12 ...

#11 [context datasets] load from client
#11 ...

#9 [context datasets] load from client
#9 ...

#10 [context datasets] load from client
#10 ...

#9 [context datasets] load from client
#9 transferring datasets: 10.59GB 50.9s
#9 ...

#8 [context datasets] load from client
#8 ...

#13 [context datasets] load from client
#13 ...

#9 [context datasets] load from client
#9 ...

#12 [context datasets] load from client
#12 transferring datasets: 10.74GB 50.9s done
#12 DONE 51.3s

#9 [context datasets] load from client
#9 transferring datasets: 10.74GB 51.3s done
#9 DONE 51.8s

#13 [context datasets] load from client
#13 transferring datasets: 1.40GB 56.3s
#13 ...

#11 [context datasets] load from client
#11 ...

#13 [context datasets] load from client
#13 ...

#10 [context datasets] load from client
#10 ...

#13 [context datasets] load from client
#13 ...

#8 [context datasets] load from client
#8 ...

#13 [context datasets] load from client
#13 transferring datasets: 1.72GB 61.4s
#13 transferring datasets: 2.05GB 66.4s
#13 ...

#11 [context datasets] load from client
#11 ...

#13 [context datasets] load from client
#13 ...

#10 [context datasets] load from client
#10 ...

#13 [context datasets] load from client
#13 ...

#8 [context datasets] load from client
#8 ...

#13 [context datasets] load from client
#13 transferring datasets: 2.61GB 71.5s
#13 transferring datasets: 2.97GB 76.5s
#13 ...

#11 [context datasets] load from client
#11 ...

#13 [context datasets] load from client
#13 ...

#10 [context datasets] load from client
#10 ...

#13 [context datasets] load from client
#13 ...

#8 [context datasets] load from client
#8 transferring datasets: 3.41GB 81.6s
#8 ...

#13 [context datasets] load from client
#13 transferring datasets: 3.92GB 86.6s
#13 ...

#11 [context datasets] load from client
#11 ...

#10 [context datasets] load from client
#10 ...

#13 [context datasets] load from client
#13 transferring datasets: 4.38GB 91.6s
#13 ...

#8 [context datasets] load from client
#8 ...

#13 [context datasets] load from client
#13 transferring datasets: 4.85GB 96.7s
#13 ...

#11 [context datasets] load from client
#11 ...

#10 [context datasets] load from client
#10 ...

#13 [context datasets] load from client
#13 transferring datasets: 5.34GB 101.8s
#13 ...

#8 [context datasets] load from client
#8 ...

#13 [context datasets] load from client
#13 transferring datasets: 5.66GB 106.8s
#13 ...

#11 [context datasets] load from client
#11 ...

#10 [context datasets] load from client
#10 ...

#11 [context datasets] load from client
#11 transferring datasets: 5.96GB 112.0s
#11 ...

#8 [context datasets] load from client
#8 ...

#11 [context datasets] load from client
#11 transferring datasets: 6.32GB 117.1s
#11 ...

#13 [context datasets] load from client
#13 ...

#11 [context datasets] load from client
#11 ...

#10 [context datasets] load from client
#10 ...

#11 [context datasets] load from client
#11 transferring datasets: 6.67GB 122.2s
#11 ...

#8 [context datasets] load from client
#8 ...

#11 [context datasets] load from client
#11 transferring datasets: 7.02GB 127.2s
#11 ...

#13 [context datasets] load from client
#13 ...

#11 [context datasets] load from client
#11 ...

#10 [context datasets] load from client
#10 ...

#13 [context datasets] load from client
#13 transferring datasets: 7.53GB 132.1s
#13 ...

#8 [context datasets] load from client
#8 ...

#11 [context datasets] load from client
#11 ...

#8 [context datasets] load from client
#8 transferring datasets: 7.94GB 137.2s
#8 ...

#10 [context datasets] load from client
#10 ...

#8 [context datasets] load from client
#8 transferring datasets: 8.39GB 142.2s
#8 ...

#13 [context datasets] load from client
#13 ...

#8 [context datasets] load from client
#8 ...

#11 [context datasets] load from client
#11 ...

#8 [context datasets] load from client
#8 transferring datasets: 8.85GB 147.3s
#8 ...

#10 [context datasets] load from client
#10 ...

#8 [context datasets] load from client
#8 transferring datasets: 9.31GB 152.3s
#8 ...

#13 [context datasets] load from client
#13 ...

#8 [context datasets] load from client
#8 ...

#11 [context datasets] load from client
#11 ...

#8 [context datasets] load from client
#8 transferring datasets: 9.78GB 157.3s
#8 ...

#10 [context datasets] load from client
#10 ...

#11 [context datasets] load from client
#11 ...

#10 [context datasets] load from client
#10 transferring datasets: 10.32GB 162.4s
#10 ...

#13 [context datasets] load from client
#13 ...

#10 [context datasets] load from client
#10 transferring datasets: 10.74GB 166.5s done
#10 DONE 166.5s

#13 [context datasets] load from client
#13 transferring datasets: 10.74GB 166.5s done
#13 DONE 166.7s

#11 [context datasets] load from client
#11 transferring datasets: 10.74GB 166.9s done
#11 DONE 167.0s

#8 [context datasets] load from client
#8 transferring datasets: 10.74GB 167.0s done
#8 DONE 167.1s

#14 [stage-0 2/7] COPY --from=datasets probe-chunk-1.bin /data/
#14 CACHED

#15 [stage-0 3/7] COPY --from=datasets probe-chunk-2.bin /data/
#15 CACHED

#16 [stage-0 4/7] COPY --from=datasets probe-chunk-3.bin /data/
#16 CACHED

#17 [stage-0 5/7] COPY --from=datasets probe-chunk-4.bin /data/
#17 CACHED

#18 [stage-0 6/7] COPY --from=datasets probe-chunk-5.bin /data/
#18 DONE 162.9s

#19 [stage-0 7/7] COPY --from=datasets probe-chunk-6.bin /data/
#19 DONE 57.1s

#20 exporting to image
#20 exporting layers
#20 exporting layers 253.6s done
#20 exporting manifest sha256:3b4d1108b687ff8d706782d18a7abb7db74e7eda16b75fbe9835c097eec41fa3 0.0s done
#20 exporting config sha256:2242879588fdfbffd3ffee9f24c433eeba9def6f4941e6891574962a31be871a 0.0s done
#20 exporting attestation manifest sha256:9577670fd19d1afe9d7152c7642cdd1462554cfa05eb7522b4c6e81dc696e822 0.1s done
#20 exporting manifest list sha256:1a0cef935a1a15ef8a49e6b05ec85bcf5a50be4885ce5d66628e9e665e068f61
#20 exporting manifest list sha256:1a0cef935a1a15ef8a49e6b05ec85bcf5a50be4885ce5d66628e9e665e068f61 0.0s done
#20 naming to ghcr.io/shkolnik-beep/registry-probe:g60 done
#20 unpacking to ghcr.io/shkolnik-beep/registry-probe:g60
#20 unpacking to ghcr.io/shkolnik-beep/registry-probe:g60 26.7s done
#20 DONE 281.4s

 [33m1 warning found (use docker --debug to expand):
[0m - JSONArgsRecommended: JSON arguments recommended for CMD to prevent unintended behavior related to OS signals (line 10)
The push refers to repository [ghcr.io/shkolnik-beep/registry-probe]
df86dfa37875: Waiting
fc010ad684ee: Waiting
b6fa992bc6f1: Waiting
2ad894d7833f: Waiting
5aee28e2f325: Waiting
28a8d85539dd: Waiting
b05093807bb0: Waiting
e68b738ca162: Waiting
28a8d85539dd: Waiting
b05093807bb0: Waiting
e68b738ca162: Waiting
df86dfa37875: Waiting
fc010ad684ee: Waiting
b6fa992bc6f1: Waiting
2ad894d7833f: Waiting
5aee28e2f325: Waiting
5aee28e2f325: Waiting
28a8d85539dd: Waiting
b05093807bb0: Waiting
e68b738ca162: Waiting
df86dfa37875: Waiting
fc010ad684ee: Waiting
b6fa992bc6f1: Waiting
2ad894d7833f: Waiting
e68b738ca162: Layer already exists
df86dfa37875: Layer already exists
fc010ad684ee: Waiting
b6fa992bc6f1: Layer already exists
2ad894d7833f: Waiting
5aee28e2f325: Waiting
28a8d85539dd: Layer already exists
b05093807bb0: Layer already exists
2ad894d7833f: Waiting
2ad894d7833f: Pushed
fc010ad684ee: Pushed
5aee28e2f325: Pushed
g60: digest: sha256:1a0cef935a1a15ef8a49e6b05ec85bcf5a50be4885ce5d66628e9e665e068f61 size: 856
[2026-08-05T20:04:43Z] g60 push rc=0
[2026-08-05T20:04:43Z] staircase g80 (8 chunks)
exists: datasets-probe/probe-chunk-1.bin
exists: datasets-probe/probe-chunk-2.bin
exists: datasets-probe/probe-chunk-3.bin
exists: datasets-probe/probe-chunk-4.bin
exists: datasets-probe/probe-chunk-5.bin
exists: datasets-probe/probe-chunk-6.bin
generating datasets-probe/probe-chunk-7.bin (10G random)
generating datasets-probe/probe-chunk-8.bin (10G random)
wrote images/probe/synthetic/Dockerfile.generated (8 COPY lines)
#0 building with "default" instance using docker driver

#1 [internal] load build definition from Dockerfile.generated
#1 transferring dockerfile: 563B done
#1 DONE 0.0s

#2 resolve image config for docker-image://docker.io/docker/dockerfile:1
#2 DONE 0.3s

#3 docker-image://docker.io/docker/dockerfile:1@sha256:87999aa3d42bdc6bea60565083ee17e86d1f3339802f543c0d03998580f9cb89
#3 resolve docker.io/docker/dockerfile:1@sha256:87999aa3d42bdc6bea60565083ee17e86d1f3339802f543c0d03998580f9cb89 0.0s done
#3 CACHED

#4 [internal] load metadata for docker.io/library/busybox:latest
#4 ...

#5 [context datasets] load .dockerignore
#5 transferring datasets: 2B done
#5 DONE 0.0s

#4 [internal] load metadata for docker.io/library/busybox:latest
#4 DONE 0.2s

#6 [internal] load .dockerignore
#6 transferring context: 2B done
#6 DONE 0.0s

#7 [stage-0 1/9] FROM docker.io/library/busybox:latest@sha256:dc2d74b28e4cf8984fa52af1f39bc7c3d9c73760b41a74d629f5d11b1ab28616
#7 resolve docker.io/library/busybox:latest@sha256:dc2d74b28e4cf8984fa52af1f39bc7c3d9c73760b41a74d629f5d11b1ab28616 0.0s done
#7 DONE 0.0s

#8 [context datasets] load from client
#8 transferring datasets: 42B done
#8 DONE 0.0s

#9 [context datasets] load from client
#9 transferring datasets: 349.31MB 5.0s
#9 ...

#10 [context datasets] load from client
#10 transferring datasets: 632.51MB 10.0s
#10 ...

#11 [context datasets] load from client
#11 ...

#12 [context datasets] load from client
#12 ...

#13 [context datasets] load from client
#13 ...

#14 [context datasets] load from client
#14 ...

#15 [context datasets] load from client
#15 ...

#11 [context datasets] load from client
#11 transferring datasets: 2.08GB 15.1s
#11 ...

#9 [context datasets] load from client
#9 ...

#11 [context datasets] load from client
#11 transferring datasets: 3.22GB 20.1s
#11 ...

#10 [context datasets] load from client
#10 ...

#9 [context datasets] load from client
#9 ...

#12 [context datasets] load from client
#12 ...

#13 [context datasets] load from client
#13 ...

#14 [context datasets] load from client
#14 ...

#15 [context datasets] load from client
#15 ...

#14 [context datasets] load from client
#14 transferring datasets: 1.04GB 25.2s
#14 ...

#11 [context datasets] load from client
#11 ...

#14 [context datasets] load from client
#14 transferring datasets: 1.18GB 30.3s
#14 ...

#10 [context datasets] load from client
#10 ...

#9 [context datasets] load from client
#9 ...

#12 [context datasets] load from client
#12 ...

#13 [context datasets] load from client
#13 ...

#12 [context datasets] load from client
#12 ...

#15 [context datasets] load from client
#15 ...

#13 [context datasets] load from client
#13 transferring datasets: 1.34GB 35.2s
#13 ...

#11 [context datasets] load from client
#11 ...

#13 [context datasets] load from client
#13 transferring datasets: 1.44GB 40.2s
#13 ...

#14 [context datasets] load from client
#14 ...

#10 [context datasets] load from client
#10 ...

#9 [context datasets] load from client
#9 ...

#11 [context datasets] load from client
#11 ...

#12 [context datasets] load from client
#12 ...

#15 [context datasets] load from client
#15 ...

#12 [context datasets] load from client
#12 transferring datasets: 1.51GB 45.3s
#12 ...

#9 [context datasets] load from client
#9 ...

#12 [context datasets] load from client
#12 transferring datasets: 1.60GB 50.4s
#12 ...

#13 [context datasets] load from client
#13 ...

#12 [context datasets] load from client
#12 ...

#14 [context datasets] load from client
#14 ...

#10 [context datasets] load from client
#10 ...

#11 [context datasets] load from client
#11 ...

#13 [context datasets] load from client
#13 ...

#15 [context datasets] load from client
#15 ...

#13 [context datasets] load from client
#13 ...

#9 [context datasets] load from client
#9 transferring datasets: 10.74GB 51.2s done
#9 DONE 51.5s

#13 [context datasets] load from client
#13 ...

#11 [context datasets] load from client
#11 transferring datasets: 10.74GB 51.2s done
#11 DONE 51.7s

#13 [context datasets] load from client
#13 transferring datasets: 1.96GB 56.2s
#13 ...

#14 [context datasets] load from client
#14 ...

#13 [context datasets] load from client
#13 ...

#12 [context datasets] load from client
#12 ...

#13 [context datasets] load from client
#13 ...

#10 [context datasets] load from client
#10 transferring datasets: 2.32GB 61.3s
#10 ...

#12 [context datasets] load from client
#12 ...

#15 [context datasets] load from client
#15 ...

#12 [context datasets] load from client
#12 transferring datasets: 2.50GB 66.6s
#12 ...

#10 [context datasets] load from client
#10 ...

#12 [context datasets] load from client
#12 ...

#14 [context datasets] load from client
#14 ...

#12 [context datasets] load from client
#12 ...

#13 [context datasets] load from client
#13 ...

#12 [context datasets] load from client
#12 ...

#15 [context datasets] load from client
#15 transferring datasets: 2.95GB 71.7s
#15 ...

#12 [context datasets] load from client
#12 transferring datasets: 3.11GB 76.8s
#12 ...

#13 [context datasets] load from client
#13 ...

#12 [context datasets] load from client
#12 ...

#10 [context datasets] load from client
#10 ...

#12 [context datasets] load from client
#12 ...

#14 [context datasets] load from client
#14 ...

#12 [context datasets] load from client
#12 transferring datasets: 3.49GB 81.8s
#12 ...

#15 [context datasets] load from client
#15 ...

#12 [context datasets] load from client
#12 transferring datasets: 3.73GB 86.8s
#12 ...

#13 [context datasets] load from client
#13 ...

#12 [context datasets] load from client
#12 ...

#10 [context datasets] load from client
#10 ...

#12 [context datasets] load from client
#12 ...

#14 [context datasets] load from client
#14 ...

#12 [context datasets] load from client
#12 transferring datasets: 4.02GB 92.0s
#12 ...

#15 [context datasets] load from client
#15 ...

#12 [context datasets] load from client
#12 transferring datasets: 4.47GB 97.1s
#12 ...

#13 [context datasets] load from client
#13 ...

#15 [context datasets] load from client
#15 ...

#13 [context datasets] load from client
#13 ...

#10 [context datasets] load from client
#10 ...

#13 [context datasets] load from client
#13 ...

#14 [context datasets] load from client
#14 ...

#13 [context datasets] load from client
#13 transferring datasets: 4.85GB 102.2s
#13 transferring datasets: 5.24GB 107.2s
#13 ...

#15 [context datasets] load from client
#15 ...

#13 [context datasets] load from client
#13 ...

#12 [context datasets] load from client
#12 ...

#13 [context datasets] load from client
#13 ...

#10 [context datasets] load from client
#10 ...

#13 [context datasets] load from client
#13 ...

#14 [context datasets] load from client
#14 ...

#10 [context datasets] load from client
#10 transferring datasets: 5.71GB 112.5s
#10 ...

#15 [context datasets] load from client
#15 ...

#10 [context datasets] load from client
#10 transferring datasets: 6.15GB 117.5s
#10 ...

#12 [context datasets] load from client
#12 ...

#10 [context datasets] load from client
#10 ...

#13 [context datasets] load from client
#13 ...

#14 [context datasets] load from client
#14 ...

#10 [context datasets] load from client
#10 transferring datasets: 6.59GB 122.6s
#10 ...

#15 [context datasets] load from client
#15 ...

#10 [context datasets] load from client
#10 transferring datasets: 7.00GB 127.6s
#10 ...

#12 [context datasets] load from client
#12 ...

#10 [context datasets] load from client
#10 ...

#14 [context datasets] load from client
#14 ...

#13 [context datasets] load from client
#13 ...

#14 [context datasets] load from client
#14 transferring datasets: 7.35GB 132.7s
#14 ...

#15 [context datasets] load from client
#15 ...

#14 [context datasets] load from client
#14 transferring datasets: 7.67GB 137.8s
#14 ...

#12 [context datasets] load from client
#12 ...

#14 [context datasets] load from client
#14 ...

#10 [context datasets] load from client
#10 ...

#13 [context datasets] load from client
#13 ...

#14 [context datasets] load from client
#14 transferring datasets: 7.73GB 142.9s
#14 ...

#15 [context datasets] load from client
#15 ...

#14 [context datasets] load from client
#14 transferring datasets: 7.77GB 148.0s
#14 ...

#12 [context datasets] load from client
#12 ...

#14 [context datasets] load from client
#14 ...

#13 [context datasets] load from client
#13 ...

#10 [context datasets] load from client
#10 ...

#13 [context datasets] load from client
#13 transferring datasets: 7.80GB 153.0s
#13 ...

#15 [context datasets] load from client
#15 ...

#13 [context datasets] load from client
#13 transferring datasets: 7.87GB 158.0s
#13 ...

#12 [context datasets] load from client
#12 ...

#13 [context datasets] load from client
#13 ...

#14 [context datasets] load from client
#14 ...

#10 [context datasets] load from client
#10 ...

#15 [context datasets] load from client
#15 transferring datasets: 7.97GB 163.3s
#15 transferring datasets: 8.01GB 168.4s
#15 ...

#12 [context datasets] load from client
#12 ...

#13 [context datasets] load from client
#13 ...

#10 [context datasets] load from client
#10 ...

#14 [context datasets] load from client
#14 ...

#13 [context datasets] load from client
#13 transferring datasets: 8.01GB 173.4s
#13 transferring datasets: 8.05GB 178.5s
#13 ...

#10 [context datasets] load from client
#10 ...

#13 [context datasets] load from client
#13 ...

#15 [context datasets] load from client
#15 ...

#13 [context datasets] load from client
#13 ...

#12 [context datasets] load from client
#12 ...

#10 [context datasets] load from client
#10 ...

#14 [context datasets] load from client
#14 ...

#13 [context datasets] load from client
#13 transferring datasets: 8.08GB 183.5s
#13 transferring datasets: 8.12GB 188.6s
#13 ...

#15 [context datasets] load from client
#15 ...

#12 [context datasets] load from client
#12 ...

#14 [context datasets] load from client
#14 ...

#12 [context datasets] load from client
#12 ...

#10 [context datasets] load from client
#10 ...

#12 [context datasets] load from client
#12 transferring datasets: 8.18GB 193.6s
#12 transferring datasets: 8.21GB 198.7s
#12 ...

#15 [context datasets] load from client
#15 ...

#13 [context datasets] load from client
#13 ...

#14 [context datasets] load from client
#14 ...

#13 [context datasets] load from client
#13 ...

#10 [context datasets] load from client
#10 ...

#13 [context datasets] load from client
#13 transferring datasets: 8.24GB 204.0s
#13 ...

#12 [context datasets] load from client
#12 ...

#15 [context datasets] load from client
#15 ...

#10 [context datasets] load from client
#10 transferring datasets: 8.32GB 209.3s
#10 ...

#14 [context datasets] load from client
#14 ...

#10 [context datasets] load from client
#10 transferring datasets: 8.35GB 214.5s
#10 ...

#15 [context datasets] load from client
#15 ...

#12 [context datasets] load from client
#12 transferring datasets: 8.32GB 219.5s
#12 ...

#13 [context datasets] load from client
#13 ...

#14 [context datasets] load from client
#14 ...

#13 [context datasets] load from client
#13 transferring datasets: 8.34GB 224.6s
#13 ...

#14 [context datasets] load from client
#14 ...

#13 [context datasets] load from client
#13 ...

#10 [context datasets] load from client
#10 ...

#15 [context datasets] load from client
#15 transferring datasets: 8.47GB 229.6s
#15 ...

#12 [context datasets] load from client
#12 ...

#15 [context datasets] load from client
#15 transferring datasets: 8.56GB 234.7s
#15 ...

#14 [context datasets] load from client
#14 ...

#15 [context datasets] load from client
#15 ...

#13 [context datasets] load from client
#13 ...

#10 [context datasets] load from client
#10 ...

#13 [context datasets] load from client
#13 transferring datasets: 8.60GB 239.7s
#13 ...

#12 [context datasets] load from client
#12 ...

#13 [context datasets] load from client
#13 transferring datasets: 8.64GB 244.9s
#13 ...

#14 [context datasets] load from client
#14 ...

#13 [context datasets] load from client
#13 ...

#15 [context datasets] load from client
#15 ...

#13 [context datasets] load from client
#13 ...

#10 [context datasets] load from client
#10 ...

#13 [context datasets] load from client
#13 ...

#12 [context datasets] load from client
#12 transferring datasets: 8.69GB 249.9s
#12 ...

#13 [context datasets] load from client
#13 transferring datasets: 8.69GB 255.0s
#13 ...

#15 [context datasets] load from client
#15 ...

#13 [context datasets] load from client
#13 ...

#14 [context datasets] load from client
#14 ...

#15 [context datasets] load from client
#15 ...

#10 [context datasets] load from client
#10 ...

#14 [context datasets] load from client
#14 transferring datasets: 8.73GB 260.2s
#14 ...

#12 [context datasets] load from client
#12 ...

#10 [context datasets] load from client
#10 transferring datasets: 8.84GB 265.2s
#10 ...

#13 [context datasets] load from client
#13 ...

#12 [context datasets] load from client
#12 ...

#13 [context datasets] load from client
#13 ...

#15 [context datasets] load from client
#15 ...

#14 [context datasets] load from client
#14 transferring datasets: 8.83GB 270.4s
#14 ...

#15 [context datasets] load from client
#15 transferring datasets: 8.94GB 275.4s
#15 ...

#10 [context datasets] load from client
#10 ...

#12 [context datasets] load from client
#12 ...

#15 [context datasets] load from client
#15 transferring datasets: 9.05GB 280.5s
#15 ...

#13 [context datasets] load from client
#13 ...

#14 [context datasets] load from client
#14 ...

#13 [context datasets] load from client
#13 transferring datasets: 9.10GB 285.5s
#13 ...

#10 [context datasets] load from client
#10 ...

#13 [context datasets] load from client
#13 ...

#12 [context datasets] load from client
#12 ...

#13 [context datasets] load from client
#13 transferring datasets: 9.21GB 290.6s
#13 ...

#15 [context datasets] load from client
#15 ...

#13 [context datasets] load from client
#13 ...

#14 [context datasets] load from client
#14 ...

#13 [context datasets] load from client
#13 transferring datasets: 9.31GB 295.6s
#13 ...

#10 [context datasets] load from client
#10 ...

#13 [context datasets] load from client
#13 ...

#12 [context datasets] load from client
#12 ...

#10 [context datasets] load from client
#10 transferring datasets: 9.49GB 300.8s
#10 ...

#15 [context datasets] load from client
#15 ...

#10 [context datasets] load from client
#10 ...

#14 [context datasets] load from client
#14 ...

#12 [context datasets] load from client
#12 ...

#13 [context datasets] load from client
#13 ...

#12 [context datasets] load from client
#12 transferring datasets: 9.49GB 305.8s
#12 ...

#15 [context datasets] load from client
#15 ...

#12 [context datasets] load from client
#12 transferring datasets: 9.53GB 310.9s
#12 ...

#10 [context datasets] load from client
#10 ...

#12 [context datasets] load from client
#12 ...

#14 [context datasets] load from client
#14 ...

#12 [context datasets] load from client
#12 ...

#13 [context datasets] load from client
#13 ...

#12 [context datasets] load from client
#12 transferring datasets: 9.57GB 316.0s
#12 ...

#15 [context datasets] load from client
#15 ...

#13 [context datasets] load from client
#13 ...

#12 [context datasets] load from client
#12 ...

#10 [context datasets] load from client
#10 transferring datasets: 9.67GB 321.4s
#10 ...

#15 [context datasets] load from client
#15 ...

#14 [context datasets] load from client
#14 ...

#12 [context datasets] load from client
#12 transferring datasets: 9.66GB 326.4s
#12 ...

#14 [context datasets] load from client
#14 ...

#12 [context datasets] load from client
#12 ...

#13 [context datasets] load from client
#13 ...

#12 [context datasets] load from client
#12 ...

#10 [context datasets] load from client
#10 transferring datasets: 9.76GB 331.6s
#10 ...

#15 [context datasets] load from client
#15 ...

#12 [context datasets] load from client
#12 transferring datasets: 9.74GB 336.6s
#12 ...

#14 [context datasets] load from client
#14 ...

#12 [context datasets] load from client
#12 ...

#13 [context datasets] load from client
#13 ...

#10 [context datasets] load from client
#10 ...

#13 [context datasets] load from client
#13 ...

#15 [context datasets] load from client
#15 ...

#13 [context datasets] load from client
#13 transferring datasets: 9.76GB 341.9s
#13 transferring datasets: 9.80GB 346.9s
#13 ...

#14 [context datasets] load from client
#14 ...

#13 [context datasets] load from client
#13 ...

#12 [context datasets] load from client
#12 ...

#15 [context datasets] load from client
#15 ...

#10 [context datasets] load from client
#10 ...

#12 [context datasets] load from client
#12 transferring datasets: 9.86GB 351.9s
#12 transferring datasets: 9.91GB 357.0s
#12 ...

#14 [context datasets] load from client
#14 ...

#12 [context datasets] load from client
#12 ...

#13 [context datasets] load from client
#13 ...

#15 [context datasets] load from client
#15 ...

#10 [context datasets] load from client
#10 ...

#15 [context datasets] load from client
#15 transferring datasets: 9.99GB 362.1s
#15 transferring datasets: 10.03GB 367.1s
#15 ...

#14 [context datasets] load from client
#14 ...

#15 [context datasets] load from client
#15 ...

#12 [context datasets] load from client
#12 ...

#13 [context datasets] load from client
#13 ...

#12 [context datasets] load from client
#12 ...

#10 [context datasets] load from client
#10 ...

#12 [context datasets] load from client
#12 transferring datasets: 10.05GB 372.0s
#12 transferring datasets: 10.11GB 377.1s
#12 ...

#14 [context datasets] load from client
#14 ...

#12 [context datasets] load from client
#12 ...

#15 [context datasets] load from client
#15 ...

#12 [context datasets] load from client
#12 ...

#13 [context datasets] load from client
#13 ...

#12 [context datasets] load from client
#12 ...

#10 [context datasets] load from client
#10 transferring datasets: 10.22GB 382.3s
#10 ...

#15 [context datasets] load from client
#15 transferring datasets: 10.27GB 387.3s
#15 ...

#14 [context datasets] load from client
#14 ...

#15 [context datasets] load from client
#15 ...

#13 [context datasets] load from client
#13 ...

#12 [context datasets] load from client
#12 ...

#15 [context datasets] load from client
#15 transferring datasets: 10.33GB 392.4s
#15 ...

#10 [context datasets] load from client
#10 ...

#15 [context datasets] load from client
#15 transferring datasets: 10.36GB 397.7s
#15 ...

#14 [context datasets] load from client
#14 ...

#15 [context datasets] load from client
#15 ...

#13 [context datasets] load from client
#13 ...

#12 [context datasets] load from client
#12 ...

#15 [context datasets] load from client
#15 transferring datasets: 10.44GB 402.8s
#15 ...

#10 [context datasets] load from client
#10 ...

#15 [context datasets] load from client
#15 transferring datasets: 10.50GB 408.0s
#15 ...

#14 [context datasets] load from client
#14 ...

#15 [context datasets] load from client
#15 ...

#13 [context datasets] load from client
#13 ...

#12 [context datasets] load from client
#12 ...

#13 [context datasets] load from client
#13 transferring datasets: 10.47GB 413.0s
#13 ...

#10 [context datasets] load from client
#10 ...

#13 [context datasets] load from client
#13 transferring datasets: 10.51GB 418.0s
#13 ...

#14 [context datasets] load from client
#14 ...

#13 [context datasets] load from client
#13 ...

#15 [context datasets] load from client
#15 ...

#13 [context datasets] load from client
#13 ...

#12 [context datasets] load from client
#12 transferring datasets: 10.60GB 423.0s
#12 ...

#15 [context datasets] load from client
#15 ...

#10 [context datasets] load from client
#10 ...

#15 [context datasets] load from client
#15 ...

#10 [context datasets] load from client
#10 transferring datasets: 10.74GB 426.8s done
#10 DONE 427.0s

#15 [context datasets] load from client
#15 transferring datasets: 10.74GB 429.0s done
#15 DONE 429.5s

#14 [context datasets] load from client
#14 ...

#12 [context datasets] load from client
#12 transferring datasets: 10.74GB 430.4s done
#12 DONE 430.9s

#13 [context datasets] load from client
#13 transferring datasets: 10.74GB 430.9s done
#13 DONE 431.1s

#14 [context datasets] load from client
#14 transferring datasets: 10.74GB 430.9s done
#14 DONE 431.0s

#16 [stage-0 6/9] COPY --from=datasets probe-chunk-5.bin /data/
#16 CACHED

#17 [stage-0 2/9] COPY --from=datasets probe-chunk-1.bin /data/
#17 CACHED

#18 [stage-0 3/9] COPY --from=datasets probe-chunk-2.bin /data/
#18 CACHED

#19 [stage-0 4/9] COPY --from=datasets probe-chunk-3.bin /data/
#19 CACHED

#20 [stage-0 5/9] COPY --from=datasets probe-chunk-4.bin /data/
#20 CACHED

#21 [stage-0 7/9] COPY --from=datasets probe-chunk-6.bin /data/
#21 CACHED

#22 [stage-0 8/9] COPY --from=datasets probe-chunk-7.bin /data/
#22 DONE 35.9s

#23 [stage-0 9/9] COPY --from=datasets probe-chunk-8.bin /data/
#23 DONE 37.5s

#24 exporting to image
#24 exporting layers
#24 exporting layers 241.3s done
#24 exporting manifest sha256:4f5e87bcd322de9bb8555118cc422e786bf193d56510e9436a9e8044b15f7de4 0.0s done
#24 exporting config sha256:4caf6cadef8e9431687c9108c437b54ea0b139e34c506724bef18a2f20b327b5 0.0s done
#24 exporting attestation manifest sha256:37d56fd1a82bb09c0714eab63d08a295a2fcc85e9b4b48372b66549dac938b42 0.0s done
#24 exporting manifest list sha256:e0c482a041e5f8e4fc5e947f4080a040dd52ee72ef2cc0e699bf51e516719817 0.0s done
#24 naming to ghcr.io/shkolnik-beep/registry-probe:g80 done
#24 unpacking to ghcr.io/shkolnik-beep/registry-probe:g80
#24 unpacking to ghcr.io/shkolnik-beep/registry-probe:g80 51.9s done
#24 DONE 294.0s

 [33m1 warning found (use docker --debug to expand):
[0m - JSONArgsRecommended: JSON arguments recommended for CMD to prevent unintended behavior related to OS signals (line 12)
The push refers to repository [ghcr.io/shkolnik-beep/registry-probe]
df86dfa37875: Waiting
5aee28e2f325: Waiting
e68b738ca162: Waiting
d4d1d5b7a5ce: Waiting
fc010ad684ee: Waiting
adfc91bfcbb6: Waiting
28a8d85539dd: Waiting
b6fa992bc6f1: Waiting
b05093807bb0: Waiting
c1ab6a6f8db2: Waiting
d4d1d5b7a5ce: Waiting
fc010ad684ee: Waiting
adfc91bfcbb6: Waiting
28a8d85539dd: Waiting
b6fa992bc6f1: Waiting
b05093807bb0: Waiting
c1ab6a6f8db2: Waiting
df86dfa37875: Waiting
5aee28e2f325: Waiting
e68b738ca162: Waiting
d4d1d5b7a5ce: Waiting
fc010ad684ee: Waiting
adfc91bfcbb6: Waiting
28a8d85539dd: Waiting
b6fa992bc6f1: Waiting
b05093807bb0: Waiting
c1ab6a6f8db2: Waiting
df86dfa37875: Waiting
5aee28e2f325: Waiting
e68b738ca162: Waiting
b6fa992bc6f1: Waiting
b05093807bb0: Waiting
c1ab6a6f8db2: Waiting
df86dfa37875: Layer already exists
5aee28e2f325: Waiting
e68b738ca162: Layer already exists
d4d1d5b7a5ce: Waiting
fc010ad684ee: Waiting
adfc91bfcbb6: Waiting
28a8d85539dd: Layer already exists
d4d1d5b7a5ce: Waiting
fc010ad684ee: Layer already exists
adfc91bfcbb6: Waiting
b6fa992bc6f1: Layer already exists
b05093807bb0: Layer already exists
c1ab6a6f8db2: Waiting
5aee28e2f325: Layer already exists
c1ab6a6f8db2: Pushed
d4d1d5b7a5ce: Pushed
adfc91bfcbb6: Pushed
g80: digest: sha256:e0c482a041e5f8e4fc5e947f4080a040dd52ee72ef2cc0e699bf51e516719817 size: 856
[2026-08-05T20:22:29Z] g80 push rc=0
[2026-08-05T20:22:29Z] staircase g100 (10 chunks)
exists: datasets-probe/probe-chunk-01.bin
exists: datasets-probe/probe-chunk-02.bin
exists: datasets-probe/probe-chunk-03.bin
exists: datasets-probe/probe-chunk-04.bin
exists: datasets-probe/probe-chunk-05.bin
exists: datasets-probe/probe-chunk-06.bin
exists: datasets-probe/probe-chunk-07.bin
exists: datasets-probe/probe-chunk-08.bin
exists: datasets-probe/probe-chunk-09.bin
exists: datasets-probe/probe-chunk-10.bin
wrote images/probe/synthetic/Dockerfile.generated (10 COPY lines)
#0 building with "default" instance using docker driver

#1 [internal] load build definition from Dockerfile.generated
#1 transferring dockerfile: 665B done
#1 DONE 0.0s

#2 resolve image config for docker-image://docker.io/docker/dockerfile:1
#2 DONE 0.3s

#3 docker-image://docker.io/docker/dockerfile:1@sha256:87999aa3d42bdc6bea60565083ee17e86d1f3339802f543c0d03998580f9cb89
#3 resolve docker.io/docker/dockerfile:1@sha256:87999aa3d42bdc6bea60565083ee17e86d1f3339802f543c0d03998580f9cb89 0.0s done
#3 CACHED

#4 [context datasets] load .dockerignore
#4 transferring datasets: 2B done
#4 DONE 0.0s

#5 [internal] load metadata for docker.io/library/busybox:latest
#5 DONE 0.3s

#6 [internal] load .dockerignore
#6 transferring context: 2B done
#6 DONE 0.0s

#7 [stage-0  1/11] FROM docker.io/library/busybox:latest@sha256:dc2d74b28e4cf8984fa52af1f39bc7c3d9c73760b41a74d629f5d11b1ab28616
#7 resolve docker.io/library/busybox:latest@sha256:dc2d74b28e4cf8984fa52af1f39bc7c3d9c73760b41a74d629f5d11b1ab28616 0.0s done
#7 DONE 0.0s

#8 [context datasets] load from client
#8 transferring datasets: 218.90MB 4.7s
#8 transferring datasets: 437.17MB 9.8s
#8 ...

#9 [context datasets] load from client
#9 ...

#10 [context datasets] load from client
#10 ...

#11 [context datasets] load from client
#11 ...

#12 [context datasets] load from client
#12 ...

#13 [context datasets] load from client
#13 ...

#14 [context datasets] load from client
#14 ...

#15 [context datasets] load from client
#15 ...

#16 [context datasets] load from client
#16 ...

#17 [context datasets] load from client
#17 ...

#16 [context datasets] load from client
#16 transferring datasets: 569.06MB 14.7s
#16 ...

#13 [context datasets] load from client
#13 ...

#16 [context datasets] load from client
#16 transferring datasets: 668.10MB 19.9s
#16 ...

#8 [context datasets] load from client
#8 ...

#10 [context datasets] load from client
#10 ...

#9 [context datasets] load from client
#9 ...

#11 [context datasets] load from client
#11 ...

#12 [context datasets] load from client
#12 ...

#11 [context datasets] load from client
#11 ...

#14 [context datasets] load from client
#14 ...

#12 [context datasets] load from client
#12 ...

#15 [context datasets] load from client
#15 ...

#17 [context datasets] load from client
#17 ...

#15 [context datasets] load from client
#15 transferring datasets: 830.23MB 25.0s
#15 ...

#9 [context datasets] load from client
#9 ...

#15 [context datasets] load from client
#15 ...

#13 [context datasets] load from client
#13 ...

#15 [context datasets] load from client
#15 transferring datasets: 917.11MB 30.2s
#15 ...

#8 [context datasets] load from client
#8 ...

#10 [context datasets] load from client
#10 ...

#16 [context datasets] load from client
#16 ...

#8 [context datasets] load from client
#8 ...

#11 [context datasets] load from client
#11 ...

#14 [context datasets] load from client
#14 ...

#8 [context datasets] load from client
#8 ...

#12 [context datasets] load from client
#12 ...

#17 [context datasets] load from client
#17 ...

#12 [context datasets] load from client
#12 transferring datasets: 1.03GB 35.5s
#12 ...

#9 [context datasets] load from client
#9 ...

#12 [context datasets] load from client
#12 ...

#13 [context datasets] load from client
#13 ...

#12 [context datasets] load from client
#12 ...

#15 [context datasets] load from client
#15 ...

#8 [context datasets] load from client
#8 ...

#15 [context datasets] load from client
#15 transferring datasets: 1.18GB 40.6s
#15 ...

#16 [context datasets] load from client
#16 ...

#10 [context datasets] load from client
#10 ...

#16 [context datasets] load from client
#16 ...

#14 [context datasets] load from client
#14 ...

#11 [context datasets] load from client
#11 ...

#14 [context datasets] load from client
#14 ...

#17 [context datasets] load from client
#17 ...

#14 [context datasets] load from client
#14 transferring datasets: 1.27GB 45.7s
#14 ...

#9 [context datasets] load from client
#9 ...

#8 [context datasets] load from client
#8 ...

#16 [context datasets] load from client
#16 ...

#8 [context datasets] load from client
#8 ...

#13 [context datasets] load from client
#13 ...

#16 [context datasets] load from client
#16 ...

#12 [context datasets] load from client
#12 transferring datasets: 1.43GB 50.7s
#12 ...

#13 [context datasets] load from client
#13 ...

#15 [context datasets] load from client
#15 ...

#10 [context datasets] load from client
#10 ...

#16 [context datasets] load from client
#16 ...

#11 [context datasets] load from client
#11 ...

#10 [context datasets] load from client
#10 ...

#17 [context datasets] load from client
#17 ...

#16 [context datasets] load from client
#16 transferring datasets: 1.54GB 55.7s
#16 ...

#9 [context datasets] load from client
#9 ...

#16 [context datasets] load from client
#16 ...

#14 [context datasets] load from client
#14 ...

#16 [context datasets] load from client
#16 ...

#8 [context datasets] load from client
#8 ...

#16 [context datasets] load from client
#16 transferring datasets: 1.73GB 60.7s
#16 ...

#12 [context datasets] load from client
#12 ...

#14 [context datasets] load from client
#14 ...

#13 [context datasets] load from client
#13 ...

#15 [context datasets] load from client
#15 ...

#14 [context datasets] load from client
#14 ...

#11 [context datasets] load from client
#11 ...

#10 [context datasets] load from client
#10 ...

#17 [context datasets] load from client
#17 ...

#14 [context datasets] load from client
#14 transferring datasets: 1.83GB 65.9s
#14 ...

#10 [context datasets] load from client
#10 ...

#9 [context datasets] load from client
#9 ...

#10 [context datasets] load from client
#10 ...

#8 [context datasets] load from client
#8 ...

#9 [context datasets] load from client
#9 ...

#12 [context datasets] load from client
#12 transferring datasets: 2.03GB 70.9s
#12 ...

#16 [context datasets] load from client
#16 ...

#12 [context datasets] load from client
#12 ...

#13 [context datasets] load from client
#13 ...

#15 [context datasets] load from client
#15 ...

#12 [context datasets] load from client
#12 ...

#11 [context datasets] load from client
#11 ...

#12 [context datasets] load from client
#12 ...

#17 [context datasets] load from client
#17 ...

#12 [context datasets] load from client
#12 transferring datasets: 2.16GB 75.9s
#12 ...

#14 [context datasets] load from client
#14 ...

#12 [context datasets] load from client
#12 ...

#10 [context datasets] load from client
#10 ...

#12 [context datasets] load from client
#12 ...

#8 [context datasets] load from client
#8 ...

#12 [context datasets] load from client
#12 transferring datasets: 2.27GB 81.0s
#12 ...

#9 [context datasets] load from client
#9 ...

#12 [context datasets] load from client
#12 ...

#16 [context datasets] load from client
#16 ...

#12 [context datasets] load from client
#12 ...

#13 [context datasets] load from client
#13 ...

#15 [context datasets] load from client
#15 ...

#16 [context datasets] load from client
#16 ...

#11 [context datasets] load from client
#11 ...

#16 [context datasets] load from client
#16 ...

#17 [context datasets] load from client
#17 ...

#9 [context datasets] load from client
#9 transferring datasets: 2.43GB 86.0s
#9 ...

#13 [context datasets] load from client
#13 ...

#9 [context datasets] load from client
#9 ...

#14 [context datasets] load from client
#14 ...

#9 [context datasets] load from client
#9 ...

#10 [context datasets] load from client
#10 ...

#13 [context datasets] load from client
#13 ...

#8 [context datasets] load from client
#8 ...

#13 [context datasets] load from client
#13 transferring datasets: 2.51GB 91.0s
#13 ...

#12 [context datasets] load from client
#12 ...

#13 [context datasets] load from client
#13 ...

#15 [context datasets] load from client
#15 ...

#12 [context datasets] load from client
#12 ...

#11 [context datasets] load from client
#11 ...

#12 [context datasets] load from client
#12 ...

#16 [context datasets] load from client
#16 ...

#12 [context datasets] load from client
#12 ...

#17 [context datasets] load from client
#17 ...

#12 [context datasets] load from client
#12 transferring datasets: 2.69GB 96.1s
#12 ...

#14 [context datasets] load from client
#14 ...

#12 [context datasets] load from client
#12 ...

#10 [context datasets] load from client
#10 ...

#9 [context datasets] load from client
#9 ...

#12 [context datasets] load from client
#12 ...

#8 [context datasets] load from client
#8 ...

#10 [context datasets] load from client
#10 transferring datasets: 2.79GB 101.0s
#10 ...

#13 [context datasets] load from client
#13 ...

#10 [context datasets] load from client
#10 ...

#15 [context datasets] load from client
#15 ...

#17 [context datasets] load from client
#17 ...

#11 [context datasets] load from client
#11 ...

#15 [context datasets] load from client
#15 ...

#16 [context datasets] load from client
#16 ...

#15 [context datasets] load from client
#15 transferring datasets: 2.93GB 106.2s
#15 ...

#14 [context datasets] load from client
#14 ...

#15 [context datasets] load from client
#15 ...

#9 [context datasets] load from client
#9 ...

#15 [context datasets] load from client
#15 ...

#12 [context datasets] load from client
#12 ...

#8 [context datasets] load from client
#8 ...

#12 [context datasets] load from client
#12 transferring datasets: 3.07GB 111.2s
#12 ...

#13 [context datasets] load from client
#13 ...

#12 [context datasets] load from client
#12 ...

#10 [context datasets] load from client
#10 ...

#15 [context datasets] load from client
#15 ...

#17 [context datasets] load from client
#17 ...

#11 [context datasets] load from client
#11 ...

#17 [context datasets] load from client
#17 ...

#16 [context datasets] load from client
#16 ...

#17 [context datasets] load from client
#17 transferring datasets: 3.21GB 116.3s
#17 ...

#14 [context datasets] load from client
#14 ...

#17 [context datasets] load from client
#17 ...

#9 [context datasets] load from client
#9 ...

#17 [context datasets] load from client
#17 ...

#8 [context datasets] load from client
#8 ...

#17 [context datasets] load from client
#17 transferring datasets: 3.38GB 121.3s
#17 ...

#13 [context datasets] load from client
#13 ...

#12 [context datasets] load from client
#12 ...

#10 [context datasets] load from client
#10 ...

#15 [context datasets] load from client
#15 ...

#10 [context datasets] load from client
#10 ...

#11 [context datasets] load from client
#11 ...

#10 [context datasets] load from client
#10 ...

#16 [context datasets] load from client
#16 ...

#10 [context datasets] load from client
#10 transferring datasets: 3.50GB 126.3s
#10 ...

#14 [context datasets] load from client
#14 ...

#10 [context datasets] load from client
#10 ...

#9 [context datasets] load from client
#9 ...

#10 [context datasets] load from client
#10 ...

#8 [context datasets] load from client
#8 ...

#9 [context datasets] load from client
#9 transferring datasets: 3.71GB 131.4s
#9 ...

#17 [context datasets] load from client
#17 ...

#13 [context datasets] load from client
#13 ...

#12 [context datasets] load from client
#12 ...

#17 [context datasets] load from client
#17 ...

#15 [context datasets] load from client
#15 ...

#12 [context datasets] load from client
#12 ...

#11 [context datasets] load from client
#11 ...

#12 [context datasets] load from client
#12 ...

#16 [context datasets] load from client
#16 ...

#12 [context datasets] load from client
#12 transferring datasets: 3.84GB 136.5s
#12 ...

#14 [context datasets] load from client
#14 ...

#12 [context datasets] load from client
#12 ...

#8 [context datasets] load from client
#8 ...

#10 [context datasets] load from client
#10 ...

#8 [context datasets] load from client
#8 transferring datasets: 4.05GB 141.5s
#8 ...

#9 [context datasets] load from client
#9 ...

#10 [context datasets] load from client
#10 ...

#13 [context datasets] load from client
#13 ...

#10 [context datasets] load from client
#10 ...

#17 [context datasets] load from client
#17 ...

#15 [context datasets] load from client
#15 ...

#10 [context datasets] load from client
#10 ...

#11 [context datasets] load from client
#11 ...

#10 [context datasets] load from client
#10 ...

#16 [context datasets] load from client
#16 ...

#10 [context datasets] load from client
#10 transferring datasets: 4.19GB 146.4s
#10 ...

#14 [context datasets] load from client
#14 ...

#10 [context datasets] load from client
#10 ...

#12 [context datasets] load from client
#12 ...

#10 [context datasets] load from client
#10 transferring datasets: 4.31GB 151.6s
#10 ...

#8 [context datasets] load from client
#8 ...

#9 [context datasets] load from client
#9 ...

#13 [context datasets] load from client
#13 ...

#9 [context datasets] load from client
#9 ...

#17 [context datasets] load from client
#17 ...

#15 [context datasets] load from client
#15 ...

#13 [context datasets] load from client
#13 ...

#11 [context datasets] load from client
#11 ...

#13 [context datasets] load from client
#13 ...

#16 [context datasets] load from client
#16 ...

#13 [context datasets] load from client
#13 transferring datasets: 4.49GB 156.8s
#13 ...

#14 [context datasets] load from client
#14 ...

#13 [context datasets] load from client
#13 ...

#12 [context datasets] load from client
#12 ...

#13 [context datasets] load from client
#13 transferring datasets: 4.61GB 161.8s
#13 ...

#8 [context datasets] load from client
#8 ...

#10 [context datasets] load from client
#10 ...

#13 [context datasets] load from client
#13 ...

#9 [context datasets] load from client
#9 ...

#17 [context datasets] load from client
#17 ...

#10 [context datasets] load from client
#10 ...

#15 [context datasets] load from client
#15 ...

#17 [context datasets] load from client
#17 ...

#11 [context datasets] load from client
#11 ...

#17 [context datasets] load from client
#17 ...

#16 [context datasets] load from client
#16 ...

#15 [context datasets] load from client
#15 transferring datasets: 4.80GB 166.9s
#15 ...

#14 [context datasets] load from client
#14 ...

#15 [context datasets] load from client
#15 ...

#12 [context datasets] load from client
#12 ...

#15 [context datasets] load from client
#15 transferring datasets: 4.83GB 172.1s
#15 ...

#8 [context datasets] load from client
#8 ...

#15 [context datasets] load from client
#15 ...

#13 [context datasets] load from client
#13 ...

#15 [context datasets] load from client
#15 ...

#9 [context datasets] load from client
#9 ...

#8 [context datasets] load from client
#8 ...

#11 [context datasets] load from client
#11 ...

#10 [context datasets] load from client
#10 ...

#11 [context datasets] load from client
#11 ...

#16 [context datasets] load from client
#16 ...

#17 [context datasets] load from client
#17 ...

#16 [context datasets] load from client
#16 transferring datasets: 4.85GB 177.4s
#16 ...

#14 [context datasets] load from client
#14 ...

#16 [context datasets] load from client
#16 ...

#12 [context datasets] load from client
#12 ...

#16 [context datasets] load from client
#16 transferring datasets: 4.87GB 182.6s
#16 ...

#13 [context datasets] load from client
#13 ...

#12 [context datasets] load from client
#12 ...

#15 [context datasets] load from client
#15 ...

#9 [context datasets] load from client
#9 ...

#15 [context datasets] load from client
#15 ...

#8 [context datasets] load from client
#8 ...

#15 [context datasets] load from client
#15 ...

#10 [context datasets] load from client
#10 ...

#11 [context datasets] load from client
#11 ...

#9 [context datasets] load from client
#9 ...

#17 [context datasets] load from client
#17 ...

#9 [context datasets] load from client
#9 transferring datasets: 4.90GB 187.7s
#9 ...

#14 [context datasets] load from client
#14 ...

#9 [context datasets] load from client
#9 transferring datasets: 4.92GB 192.9s
#9 ...

#13 [context datasets] load from client
#13 ...

#16 [context datasets] load from client
#16 ...

#12 [context datasets] load from client
#12 ...

#16 [context datasets] load from client
#16 ...

#8 [context datasets] load from client
#8 ...

#16 [context datasets] load from client
#16 ...

#15 [context datasets] load from client
#15 ...

#13 [context datasets] load from client
#13 ...

#11 [context datasets] load from client
#11 ...

#10 [context datasets] load from client
#10 ...

#12 [context datasets] load from client
#12 ...

#17 [context datasets] load from client
#17 ...

#11 [context datasets] load from client
#11 transferring datasets: 4.97GB 198.2s
#11 ...

#14 [context datasets] load from client
#14 ...

#11 [context datasets] load from client
#11 transferring datasets: 5.00GB 203.3s
#11 ...

#9 [context datasets] load from client
#9 ...

#11 [context datasets] load from client
#11 ...

#8 [context datasets] load from client
#8 ...

#11 [context datasets] load from client
#11 ...

#16 [context datasets] load from client
#16 ...

#15 [context datasets] load from client
#15 ...

#8 [context datasets] load from client
#8 ...

#13 [context datasets] load from client
#13 ...

#16 [context datasets] load from client
#16 ...

#10 [context datasets] load from client
#10 ...

#8 [context datasets] load from client
#8 ...

#12 [context datasets] load from client
#12 ...

#8 [context datasets] load from client
#8 ...

#17 [context datasets] load from client
#17 ...

#12 [context datasets] load from client
#12 transferring datasets: 5.01GB 208.3s
#12 ...

#14 [context datasets] load from client
#14 ...

#12 [context datasets] load from client
#12 transferring datasets: 5.03GB 213.3s
#12 ...

#9 [context datasets] load from client
#9 ...

#12 [context datasets] load from client
#12 ...

#11 [context datasets] load from client
#11 ...

#15 [context datasets] load from client
#15 ...

#13 [context datasets] load from client
#13 ...

#16 [context datasets] load from client
#16 ...

#13 [context datasets] load from client
#13 ...

#10 [context datasets] load from client
#10 ...

#13 [context datasets] load from client
#13 ...

#17 [context datasets] load from client
#17 ...

#8 [context datasets] load from client
#8 ...

#15 [context datasets] load from client
#15 transferring datasets: 5.06GB 218.3s
#15 ...

#14 [context datasets] load from client
#14 ...

#15 [context datasets] load from client
#15 transferring datasets: 5.11GB 223.4s
#15 ...

#9 [context datasets] load from client
#9 ...

#15 [context datasets] load from client
#15 ...

#12 [context datasets] load from client
#12 ...

#11 [context datasets] load from client
#11 ...

#14 [context datasets] load from client
#14 ...

#16 [context datasets] load from client
#16 ...

#11 [context datasets] load from client
#11 ...

#10 [context datasets] load from client
#10 ...

#16 [context datasets] load from client
#16 ...

#13 [context datasets] load from client
#13 ...

#16 [context datasets] load from client
#16 ...

#17 [context datasets] load from client
#17 ...

#8 [context datasets] load from client
#8 ...

#17 [context datasets] load from client
#17 transferring datasets: 5.14GB 228.5s
#17 ...

#16 [context datasets] load from client
#16 ...

#17 [context datasets] load from client
#17 transferring datasets: 5.16GB 233.5s
#17 ...

#9 [context datasets] load from client
#9 ...

#17 [context datasets] load from client
#17 ...

#15 [context datasets] load from client
#15 ...

#12 [context datasets] load from client
#12 ...

#9 [context datasets] load from client
#9 ...

#14 [context datasets] load from client
#14 ...

#9 [context datasets] load from client
#9 ...

#10 [context datasets] load from client
#10 ...

#11 [context datasets] load from client
#11 ...

#14 [context datasets] load from client
#14 ...

#13 [context datasets] load from client
#13 ...

#14 [context datasets] load from client
#14 ...

#8 [context datasets] load from client
#8 ...

#14 [context datasets] load from client
#14 transferring datasets: 5.18GB 238.6s
#14 ...

#16 [context datasets] load from client
#16 ...

#15 [context datasets] load from client
#15 ...

#16 [context datasets] load from client
#16 transferring datasets: 5.19GB 243.6s
#16 ...

#17 [context datasets] load from client
#17 ...

#12 [context datasets] load from client
#12 ...

#17 [context datasets] load from client
#17 ...

#9 [context datasets] load from client
#9 ...

#10 [context datasets] load from client
#10 ...

#11 [context datasets] load from client
#11 ...

#10 [context datasets] load from client
#10 ...

#13 [context datasets] load from client
#13 ...

#10 [context datasets] load from client
#10 ...

#8 [context datasets] load from client
#8 ...

#10 [context datasets] load from client
#10 transferring datasets: 5.23GB 248.6s
#10 ...

#14 [context datasets] load from client
#14 ...

#11 [context datasets] load from client
#11 ...

#15 [context datasets] load from client
#15 ...

#13 [context datasets] load from client
#13 ...

#15 [context datasets] load from client
#15 transferring datasets: 5.26GB 253.8s
#15 ...

#16 [context datasets] load from client
#16 ...

#15 [context datasets] load from client
#15 ...

#12 [context datasets] load from client
#12 ...

#16 [context datasets] load from client
#16 ...

#9 [context datasets] load from client
#9 ...

#17 [context datasets] load from client
#17 ...

#9 [context datasets] load from client
#9 ...

#8 [context datasets] load from client
#8 ...

#9 [context datasets] load from client
#9 transferring datasets: 5.29GB 258.8s
#9 ...

#10 [context datasets] load from client
#10 ...

#14 [context datasets] load from client
#14 ...

#11 [context datasets] load from client
#11 ...

#13 [context datasets] load from client
#13 ...

#11 [context datasets] load from client
#11 transferring datasets: 5.34GB 264.0s
#11 ...

#12 [context datasets] load from client
#12 ...

#15 [context datasets] load from client
#15 ...

#16 [context datasets] load from client
#16 ...

#11 [context datasets] load from client
#11 ...

#17 [context datasets] load from client
#17 ...

#12 [context datasets] load from client
#12 ...

#8 [context datasets] load from client
#8 ...

#12 [context datasets] load from client
#12 transferring datasets: 5.36GB 269.1s
#12 ...

#9 [context datasets] load from client
#9 ...

#10 [context datasets] load from client
#10 ...

#14 [context datasets] load from client
#14 ...

#12 [context datasets] load from client
#12 ...

#13 [context datasets] load from client
#13 ...

#12 [context datasets] load from client
#12 transferring datasets: 5.38GB 274.2s
#12 ...

#16 [context datasets] load from client
#16 ...

#15 [context datasets] load from client
#15 ...

#12 [context datasets] load from client
#12 ...

#11 [context datasets] load from client
#11 ...

#16 [context datasets] load from client
#16 ...

#17 [context datasets] load from client
#17 ...

#8 [context datasets] load from client
#8 ...

#17 [context datasets] load from client
#17 transferring datasets: 5.42GB 279.2s
#17 ...

#9 [context datasets] load from client
#9 ...

#10 [context datasets] load from client
#10 ...

#14 [context datasets] load from client
#14 ...

#16 [context datasets] load from client
#16 ...

#13 [context datasets] load from client
#13 ...

#12 [context datasets] load from client
#12 ...

#16 [context datasets] load from client
#16 transferring datasets: 5.45GB 284.1s
#16 ...

#15 [context datasets] load from client
#15 ...

#16 [context datasets] load from client
#16 ...

#11 [context datasets] load from client
#11 ...

#8 [context datasets] load from client
#8 ...

#16 [context datasets] load from client
#16 transferring datasets: 5.47GB 289.2s
#16 ...

#17 [context datasets] load from client
#17 ...

#10 [context datasets] load from client
#10 ...

#13 [context datasets] load from client
#13 ...

#17 [context datasets] load from client
#17 ...

#9 [context datasets] load from client
#9 ...

#10 [context datasets] load from client
#10 ...

#14 [context datasets] load from client
#14 ...

#9 [context datasets] load from client
#9 ...

#12 [context datasets] load from client
#12 ...

#17 [context datasets] load from client
#17 transferring datasets: 5.51GB 294.5s
#17 ...

#15 [context datasets] load from client
#15 ...

#17 [context datasets] load from client
#17 ...

#11 [context datasets] load from client
#11 ...

#17 [context datasets] load from client
#17 ...

#8 [context datasets] load from client
#8 ...

#17 [context datasets] load from client
#17 transferring datasets: 5.56GB 299.5s
#17 ...

#16 [context datasets] load from client
#16 ...

#17 [context datasets] load from client
#17 ...

#13 [context datasets] load from client
#13 ...

#17 [context datasets] load from client
#17 ...

#10 [context datasets] load from client
#10 ...

#17 [context datasets] load from client
#17 ...

#12 [context datasets] load from client
#12 ...

#14 [context datasets] load from client
#14 ...

#9 [context datasets] load from client
#9 transferring datasets: 5.59GB 304.6s
#9 ...

#17 [context datasets] load from client
#17 ...

#15 [context datasets] load from client
#15 ...

#11 [context datasets] load from client
#11 ...

#15 [context datasets] load from client
#15 ...

#8 [context datasets] load from client
#8 ...

#15 [context datasets] load from client
#15 transferring datasets: 5.64GB 309.6s
#15 ...

#16 [context datasets] load from client
#16 ...

#15 [context datasets] load from client
#15 ...

#13 [context datasets] load from client
#13 ...

#15 [context datasets] load from client
#15 ...

#10 [context datasets] load from client
#10 ...

#15 [context datasets] load from client
#15 ...

#12 [context datasets] load from client
#12 transferring datasets: 5.67GB 314.6s
#12 ...

#9 [context datasets] load from client
#9 ...

#14 [context datasets] load from client
#14 ...

#12 [context datasets] load from client
#12 ...

#17 [context datasets] load from client
#17 ...

#12 [context datasets] load from client
#12 ...

#11 [context datasets] load from client
#11 ...

#12 [context datasets] load from client
#12 ...

#8 [context datasets] load from client
#8 ...

#12 [context datasets] load from client
#12 transferring datasets: 5.72GB 319.8s
#12 ...

#16 [context datasets] load from client
#16 ...

#12 [context datasets] load from client
#12 ...

#13 [context datasets] load from client
#13 ...

#12 [context datasets] load from client
#12 ...

#10 [context datasets] load from client
#10 ...

#12 [context datasets] load from client
#12 ...

#15 [context datasets] load from client
#15 transferring datasets: 5.77GB 324.8s
#15 ...

#12 [context datasets] load from client
#12 ...

#9 [context datasets] load from client
#9 ...

#14 [context datasets] load from client
#14 ...

#12 [context datasets] load from client
#12 ...

#17 [context datasets] load from client
#17 ...

#12 [context datasets] load from client
#12 ...

#11 [context datasets] load from client
#11 ...

#12 [context datasets] load from client
#12 ...

#8 [context datasets] load from client
#8 ...

#12 [context datasets] load from client
#12 transferring datasets: 5.79GB 329.9s
#12 ...

#16 [context datasets] load from client
#16 ...

#12 [context datasets] load from client
#12 ...

#13 [context datasets] load from client
#13 ...

#12 [context datasets] load from client
#12 ...

#10 [context datasets] load from client
#10 ...

#12 [context datasets] load from client
#12 transferring datasets: 5.81GB 334.9s
#12 ...

#15 [context datasets] load from client
#15 ...

#10 [context datasets] load from client
#10 ...

#9 [context datasets] load from client
#9 ...

#14 [context datasets] load from client
#14 ...

#9 [context datasets] load from client
#9 ...

#17 [context datasets] load from client
#17 ...

#10 [context datasets] load from client
#10 ...

#11 [context datasets] load from client
#11 ...

#10 [context datasets] load from client
#10 ...

#8 [context datasets] load from client
#8 ...

#10 [context datasets] load from client
#10 transferring datasets: 5.84GB 339.9s
#10 ...

#16 [context datasets] load from client
#16 ...

#10 [context datasets] load from client
#10 ...

#13 [context datasets] load from client
#13 ...

#16 [context datasets] load from client
#16 ...

#12 [context datasets] load from client
#12 ...

#15 [context datasets] load from client
#15 transferring datasets: 5.87GB 345.2s
#15 ...

#16 [context datasets] load from client
#16 ...

#14 [context datasets] load from client
#14 ...

#12 [context datasets] load from client
#12 ...

#17 [context datasets] load from client
#17 ...

#9 [context datasets] load from client
#9 ...

#15 [context datasets] load from client
#15 ...

#11 [context datasets] load from client
#11 ...

#15 [context datasets] load from client
#15 ...

#8 [context datasets] load from client
#8 ...

#15 [context datasets] load from client
#15 transferring datasets: 5.91GB 350.2s
#15 ...

#10 [context datasets] load from client
#10 ...

#8 [context datasets] load from client
#8 ...

#13 [context datasets] load from client
#13 ...

#11 [context datasets] load from client
#11 ...

#8 [context datasets] load from client
#8 transferring datasets: 5.94GB 355.3s
#8 ...

#16 [context datasets] load from client
#16 ...

#14 [context datasets] load from client
#14 ...

#8 [context datasets] load from client
#8 ...

#12 [context datasets] load from client
#12 ...

#8 [context datasets] load from client
#8 ...

#17 [context datasets] load from client
#17 ...

#9 [context datasets] load from client
#9 transferring datasets: 5.95GB 360.3s
#9 ...

#15 [context datasets] load from client
#15 ...

#14 [context datasets] load from client
#14 ...

#13 [context datasets] load from client
#13 ...

#10 [context datasets] load from client
#10 ...

#13 [context datasets] load from client
#13 ...

#11 [context datasets] load from client
#11 transferring datasets: 6.02GB 365.5s
#11 ...

#10 [context datasets] load from client
#10 ...

#16 [context datasets] load from client
#16 ...

#14 [context datasets] load from client
#14 ...

#12 [context datasets] load from client
#12 ...

#14 [context datasets] load from client
#14 ...

#17 [context datasets] load from client
#17 ...

#8 [context datasets] load from client
#8 ...

#14 [context datasets] load from client
#14 transferring datasets: 6.04GB 370.5s
#14 ...

#12 [context datasets] load from client
#12 ...

#14 [context datasets] load from client
#14 ...

#15 [context datasets] load from client
#15 ...

#9 [context datasets] load from client
#9 ...

#15 [context datasets] load from client
#15 ...

#13 [context datasets] load from client
#13 transferring datasets: 6.09GB 375.5s
#13 ...

#15 [context datasets] load from client
#15 ...

#11 [context datasets] load from client
#11 ...

#15 [context datasets] load from client
#15 ...

#16 [context datasets] load from client
#16 ...

#10 [context datasets] load from client
#10 ...

#16 [context datasets] load from client
#16 ...

#17 [context datasets] load from client
#17 ...

#16 [context datasets] load from client
#16 ...

#8 [context datasets] load from client
#8 ...

#16 [context datasets] load from client
#16 transferring datasets: 6.11GB 380.5s
#16 ...

#12 [context datasets] load from client
#12 ...

#9 [context datasets] load from client
#9 ...

#16 [context datasets] load from client
#16 ...

#14 [context datasets] load from client
#14 ...

#16 [context datasets] load from client
#16 transferring datasets: 6.14GB 385.5s
#16 ...

#13 [context datasets] load from client
#13 ...

#16 [context datasets] load from client
#16 ...

#11 [context datasets] load from client
#11 ...

#16 [context datasets] load from client
#16 ...

#15 [context datasets] load from client
#15 ...

#16 [context datasets] load from client
#16 ...

#10 [context datasets] load from client
#10 ...

#11 [context datasets] load from client
#11 ...

#17 [context datasets] load from client
#17 ...

#11 [context datasets] load from client
#11 ...

#8 [context datasets] load from client
#8 ...

#11 [context datasets] load from client
#11 transferring datasets: 6.20GB 390.6s
#11 ...

#12 [context datasets] load from client
#12 ...

#8 [context datasets] load from client
#8 ...

#9 [context datasets] load from client
#9 ...

#17 [context datasets] load from client
#17 ...

#9 [context datasets] load from client
#9 ...

#14 [context datasets] load from client
#14 ...

#9 [context datasets] load from client
#9 ...

#13 [context datasets] load from client
#13 transferring datasets: 6.22GB 395.7s
#13 ...

#10 [context datasets] load from client
#10 ...

#13 [context datasets] load from client
#13 ...

#15 [context datasets] load from client
#15 ...

#16 [context datasets] load from client
#16 ...

#13 [context datasets] load from client
#13 transferring datasets: 6.25GB 400.8s
#13 ...

#11 [context datasets] load from client
#11 ...

#13 [context datasets] load from client
#13 ...

#12 [context datasets] load from client
#12 ...

#15 [context datasets] load from client
#15 ...

#8 [context datasets] load from client
#8 ...

#17 [context datasets] load from client
#17 ...

#15 [context datasets] load from client
#15 ...

#14 [context datasets] load from client
#14 ...

#15 [context datasets] load from client
#15 transferring datasets: 6.28GB 405.9s
#15 ...

#9 [context datasets] load from client
#9 ...

#15 [context datasets] load from client
#15 ...

#10 [context datasets] load from client
#10 ...

#9 [context datasets] load from client
#9 ...

#16 [context datasets] load from client
#16 ...

#10 [context datasets] load from client
#10 transferring datasets: 6.30GB 410.9s
#10 ...

#16 [context datasets] load from client
#16 ...

#11 [context datasets] load from client
#11 ...

#16 [context datasets] load from client
#16 ...

#13 [context datasets] load from client
#13 ...

#12 [context datasets] load from client
#12 ...

#13 [context datasets] load from client
#13 ...

#17 [context datasets] load from client
#17 ...

#8 [context datasets] load from client
#8 ...

#14 [context datasets] load from client
#14 ...

#8 [context datasets] load from client
#8 transferring datasets: 6.34GB 416.0s
#8 ...

#15 [context datasets] load from client
#15 ...

#8 [context datasets] load from client
#8 ...

#9 [context datasets] load from client
#9 ...

#8 [context datasets] load from client
#8 transferring datasets: 6.39GB 421.1s
#8 ...

#10 [context datasets] load from client
#10 ...

#11 [context datasets] load from client
#11 ...

#10 [context datasets] load from client
#10 ...

#16 [context datasets] load from client
#16 ...

#12 [context datasets] load from client
#12 ...

#13 [context datasets] load from client
#13 ...

#17 [context datasets] load from client
#17 ...

#13 [context datasets] load from client
#13 ...

#14 [context datasets] load from client
#14 ...

#10 [context datasets] load from client
#10 transferring datasets: 6.43GB 426.0s
#10 ...

#15 [context datasets] load from client
#15 ...

#10 [context datasets] load from client
#10 ...

#9 [context datasets] load from client
#9 ...

#10 [context datasets] load from client
#10 transferring datasets: 6.46GB 431.0s
#10 ...

#8 [context datasets] load from client
#8 ...

#16 [context datasets] load from client
#16 ...

#11 [context datasets] load from client
#11 ...

#13 [context datasets] load from client
#13 ...

#11 [context datasets] load from client
#11 ...

#12 [context datasets] load from client
#12 ...

#11 [context datasets] load from client
#11 ...

#17 [context datasets] load from client
#17 ...

#11 [context datasets] load from client
#11 ...

#14 [context datasets] load from client
#14 ...

#11 [context datasets] load from client
#11 transferring datasets: 6.51GB 436.2s
#11 ...

#15 [context datasets] load from client
#15 ...

#11 [context datasets] load from client
#11 ...

#9 [context datasets] load from client
#9 ...

#11 [context datasets] load from client
#11 transferring datasets: 6.55GB 441.2s
#11 ...

#10 [context datasets] load from client
#10 ...

#8 [context datasets] load from client
#8 ...

#13 [context datasets] load from client
#13 ...

#16 [context datasets] load from client
#16 ...

#13 [context datasets] load from client
#13 ...

#12 [context datasets] load from client
#12 ...

#13 [context datasets] load from client
#13 ...

#17 [context datasets] load from client
#17 ...

#13 [context datasets] load from client
#13 ...

#14 [context datasets] load from client
#14 ...

#13 [context datasets] load from client
#13 transferring datasets: 6.56GB 446.2s
#13 ...

#15 [context datasets] load from client
#15 ...

#13 [context datasets] load from client
#13 ...

#9 [context datasets] load from client
#9 ...

#17 [context datasets] load from client
#17 transferring datasets: 6.59GB 451.3s
#17 ...

#9 [context datasets] load from client
#9 ...

#11 [context datasets] load from client
#11 ...

#9 [context datasets] load from client
#9 ...

#10 [context datasets] load from client
#10 ...

#9 [context datasets] load from client
#9 ...

#8 [context datasets] load from client
#8 ...

#16 [context datasets] load from client
#16 ...

#9 [context datasets] load from client
#9 ...

#12 [context datasets] load from client
#12 ...

#9 [context datasets] load from client
#9 ...

#14 [context datasets] load from client
#14 ...

#15 [context datasets] load from client
#15 ...

#14 [context datasets] load from client
#14 transferring datasets: 6.63GB 456.3s
#14 ...

#13 [context datasets] load from client
#13 ...

#9 [context datasets] load from client
#9 transferring datasets: 6.63GB 461.4s
#9 ...

#17 [context datasets] load from client
#17 ...

#9 [context datasets] load from client
#9 ...

#11 [context datasets] load from client
#11 ...

#9 [context datasets] load from client
#9 ...

#10 [context datasets] load from client
#10 ...

#9 [context datasets] load from client
#9 ...

#8 [context datasets] load from client
#8 ...

#16 [context datasets] load from client
#16 ...

#8 [context datasets] load from client
#8 ...

#12 [context datasets] load from client
#12 ...

#16 [context datasets] load from client
#16 ...

#15 [context datasets] load from client
#15 ...

#17 [context datasets] load from client
#17 transferring datasets: 6.70GB 466.6s
#17 ...

#14 [context datasets] load from client
#14 ...

#13 [context datasets] load from client
#13 ...

#14 [context datasets] load from client
#14 transferring datasets: 6.73GB 471.7s
#14 ...

#11 [context datasets] load from client
#11 ...

#10 [context datasets] load from client
#10 ...

#9 [context datasets] load from client
#9 ...

#10 [context datasets] load from client
#10 ...

#12 [context datasets] load from client
#12 ...

#8 [context datasets] load from client
#8 ...

#12 [context datasets] load from client
#12 ...

#16 [context datasets] load from client
#16 ...

#12 [context datasets] load from client
#12 ...

#15 [context datasets] load from client
#15 ...

#12 [context datasets] load from client
#12 transferring datasets: 6.75GB 476.8s
#12 ...

#17 [context datasets] load from client
#17 ...

#13 [context datasets] load from client
#13 ...

#17 [context datasets] load from client
#17 transferring datasets: 6.80GB 481.8s
#17 ...

#14 [context datasets] load from client
#14 ...

#11 [context datasets] load from client
#11 ...

#14 [context datasets] load from client
#14 ...

#9 [context datasets] load from client
#9 ...

#14 [context datasets] load from client
#14 ...

#10 [context datasets] load from client
#10 ...

#14 [context datasets] load from client
#14 ...

#8 [context datasets] load from client
#8 ...

#14 [context datasets] load from client
#14 ...

#16 [context datasets] load from client
#16 ...

#14 [context datasets] load from client
#14 ...

#15 [context datasets] load from client
#15 transferring datasets: 6.90GB 486.9s
#15 ...

#14 [context datasets] load from client
#14 ...

#12 [context datasets] load from client
#12 ...

#14 [context datasets] load from client
#14 ...

#13 [context datasets] load from client
#13 ...

#12 [context datasets] load from client
#12 transferring datasets: 7.11GB 491.9s
#12 ...

#17 [context datasets] load from client
#17 ...

#11 [context datasets] load from client
#11 ...

#17 [context datasets] load from client
#17 ...

#9 [context datasets] load from client
#9 ...

#17 [context datasets] load from client
#17 ...

#10 [context datasets] load from client
#10 ...

#17 [context datasets] load from client
#17 ...

#8 [context datasets] load from client
#8 ...

#10 [context datasets] load from client
#10 ...

#16 [context datasets] load from client
#16 ...

#10 [context datasets] load from client
#10 transferring datasets: 7.34GB 496.9s
#10 ...

#15 [context datasets] load from client
#15 ...

#10 [context datasets] load from client
#10 ...

#14 [context datasets] load from client
#14 ...

#10 [context datasets] load from client
#10 ...

#13 [context datasets] load from client
#13 ...

#10 [context datasets] load from client
#10 transferring datasets: 7.56GB 501.9s
#10 ...

#12 [context datasets] load from client
#12 ...

#10 [context datasets] load from client
#10 ...

#11 [context datasets] load from client
#11 ...

#10 [context datasets] load from client
#10 ...

#9 [context datasets] load from client
#9 ...

#10 [context datasets] load from client
#10 ...

#17 [context datasets] load from client
#17 ...

#10 [context datasets] load from client
#10 ...

#8 [context datasets] load from client
#8 ...

#17 [context datasets] load from client
#17 ...

#16 [context datasets] load from client
#16 transferring datasets: 7.78GB 507.0s
#16 ...

#15 [context datasets] load from client
#15 ...

#16 [context datasets] load from client
#16 ...

#14 [context datasets] load from client
#14 ...

#16 [context datasets] load from client
#16 ...

#13 [context datasets] load from client
#13 ...

#16 [context datasets] load from client
#16 transferring datasets: 8.01GB 512.1s
#16 ...

#12 [context datasets] load from client
#12 ...

#16 [context datasets] load from client
#16 ...

#11 [context datasets] load from client
#11 ...

#16 [context datasets] load from client
#16 ...

#9 [context datasets] load from client
#9 ...

#16 [context datasets] load from client
#16 ...

#10 [context datasets] load from client
#10 ...

#8 [context datasets] load from client
#8 ...

#17 [context datasets] load from client
#17 transferring datasets: 8.12GB 517.2s
#17 ...

#8 [context datasets] load from client
#8 ...

#15 [context datasets] load from client
#15 ...

#8 [context datasets] load from client
#8 ...

#14 [context datasets] load from client
#14 ...

#8 [context datasets] load from client
#8 ...

#13 [context datasets] load from client
#13 ...

#8 [context datasets] load from client
#8 transferring datasets: 8.17GB 522.3s
#8 ...

#12 [context datasets] load from client
#12 ...

#11 [context datasets] load from client
#11 ...

#12 [context datasets] load from client
#12 ...

#9 [context datasets] load from client
#9 ...

#12 [context datasets] load from client
#12 ...

#16 [context datasets] load from client
#16 ...

#10 [context datasets] load from client
#10 ...

#16 [context datasets] load from client
#16 transferring datasets: 8.37GB 527.2s
#16 ...

#17 [context datasets] load from client
#17 ...

#15 [context datasets] load from client
#15 ...

#17 [context datasets] load from client
#17 ...

#14 [context datasets] load from client
#14 ...

#17 [context datasets] load from client
#17 ...

#13 [context datasets] load from client
#13 ...

#17 [context datasets] load from client
#17 transferring datasets: 8.49GB 532.4s
#17 ...

#8 [context datasets] load from client
#8 ...

#11 [context datasets] load from client
#11 ...

#17 [context datasets] load from client
#17 ...

#9 [context datasets] load from client
#9 ...

#8 [context datasets] load from client
#8 ...

#12 [context datasets] load from client
#12 ...

#10 [context datasets] load from client
#10 ...

#12 [context datasets] load from client
#12 ...

#16 [context datasets] load from client
#16 ...

#12 [context datasets] load from client
#12 transferring datasets: 8.58GB 537.5s
#12 ...

#15 [context datasets] load from client
#15 ...

#12 [context datasets] load from client
#12 ...

#14 [context datasets] load from client
#14 ...

#12 [context datasets] load from client
#12 ...

#13 [context datasets] load from client
#13 ...

#14 [context datasets] load from client
#14 transferring datasets: 8.74GB 542.5s
#14 ...

#11 [context datasets] load from client
#11 ...

#12 [context datasets] load from client
#12 ...

#17 [context datasets] load from client
#17 ...

#9 [context datasets] load from client
#9 ...

#10 [context datasets] load from client
#10 ...

#17 [context datasets] load from client
#17 ...

#8 [context datasets] load from client
#8 ...

#16 [context datasets] load from client
#16 transferring datasets: 8.79GB 547.5s
#16 ...

#8 [context datasets] load from client
#8 ...

#15 [context datasets] load from client
#15 ...

#8 [context datasets] load from client
#8 ...

#13 [context datasets] load from client
#13 ...

#8 [context datasets] load from client
#8 transferring datasets: 8.94GB 552.7s
#8 ...

#11 [context datasets] load from client
#11 ...

#14 [context datasets] load from client
#14 ...

#11 [context datasets] load from client
#11 ...

#12 [context datasets] load from client
#12 ...

#15 [context datasets] load from client
#15 ...

#12 [context datasets] load from client
#12 ...

#9 [context datasets] load from client
#9 ...

#10 [context datasets] load from client
#10 ...

#12 [context datasets] load from client
#12 ...

#17 [context datasets] load from client
#17 transferring datasets: 9.05GB 557.7s
#17 ...

#16 [context datasets] load from client
#16 ...

#17 [context datasets] load from client
#17 ...

#13 [context datasets] load from client
#13 ...

#17 [context datasets] load from client
#17 transferring datasets: 9.18GB 562.7s
#17 ...

#8 [context datasets] load from client
#8 ...

#17 [context datasets] load from client
#17 ...

#14 [context datasets] load from client
#14 ...

#17 [context datasets] load from client
#17 ...

#11 [context datasets] load from client
#11 ...

#15 [context datasets] load from client
#15 ...

#9 [context datasets] load from client
#9 ...

#15 [context datasets] load from client
#15 ...

#10 [context datasets] load from client
#10 ...

#15 [context datasets] load from client
#15 ...

#12 [context datasets] load from client
#12 transferring datasets: 9.28GB 567.8s
#12 ...

#16 [context datasets] load from client
#16 ...

#12 [context datasets] load from client
#12 ...

#13 [context datasets] load from client
#13 ...

#12 [context datasets] load from client
#12 transferring datasets: 9.37GB 572.8s
#12 ...

#8 [context datasets] load from client
#8 ...

#12 [context datasets] load from client
#12 ...

#14 [context datasets] load from client
#14 ...

#12 [context datasets] load from client
#12 ...

#17 [context datasets] load from client
#17 ...

#11 [context datasets] load from client
#11 ...

#17 [context datasets] load from client
#17 ...

#9 [context datasets] load from client
#9 ...

#17 [context datasets] load from client
#17 ...

#10 [context datasets] load from client
#10 ...

#17 [context datasets] load from client
#17 ...

#15 [context datasets] load from client
#15 transferring datasets: 9.53GB 577.9s
#15 ...

#12 [context datasets] load from client
#12 ...

#16 [context datasets] load from client
#16 ...

#12 [context datasets] load from client
#12 ...

#13 [context datasets] load from client
#13 ...

#16 [context datasets] load from client
#16 transferring datasets: 9.56GB 582.8s
#16 ...

#14 [context datasets] load from client
#14 ...

#16 [context datasets] load from client
#16 ...

#8 [context datasets] load from client
#8 ...

#16 [context datasets] load from client
#16 ...

#11 [context datasets] load from client
#11 ...

#14 [context datasets] load from client
#14 ...

#9 [context datasets] load from client
#9 ...

#11 [context datasets] load from client
#11 ...

#10 [context datasets] load from client
#10 ...

#9 [context datasets] load from client
#9 transferring datasets: 9.71GB 587.9s
#9 ...

#15 [context datasets] load from client
#15 ...

#17 [context datasets] load from client
#17 ...

#15 [context datasets] load from client
#15 ...

#12 [context datasets] load from client
#12 ...

#13 [context datasets] load from client
#13 ...

#15 [context datasets] load from client
#15 transferring datasets: 9.86GB 592.9s
#15 ...

#8 [context datasets] load from client
#8 ...

#9 [context datasets] load from client
#9 ...

#15 [context datasets] load from client
#15 ...

#16 [context datasets] load from client
#16 ...

#14 [context datasets] load from client
#14 ...

#15 [context datasets] load from client
#15 ...

#11 [context datasets] load from client
#11 ...

#10 [context datasets] load from client
#10 ...

#11 [context datasets] load from client
#11 transferring datasets: 10.04GB 598.0s
#11 ...

#17 [context datasets] load from client
#17 ...

#11 [context datasets] load from client
#11 ...

#12 [context datasets] load from client
#12 ...

#11 [context datasets] load from client
#11 ...

#13 [context datasets] load from client
#13 ...

#11 [context datasets] load from client
#11 transferring datasets: 10.17GB 603.1s
#11 ...

#8 [context datasets] load from client
#8 ...

#11 [context datasets] load from client
#11 ...

#9 [context datasets] load from client
#9 ...

#8 [context datasets] load from client
#8 ...

#16 [context datasets] load from client
#16 ...

#14 [context datasets] load from client
#14 ...

#16 [context datasets] load from client
#16 ...

#15 [context datasets] load from client
#15 ...

#8 [context datasets] load from client
#8 ...

#10 [context datasets] load from client
#10 ...

#8 [context datasets] load from client
#8 transferring datasets: 10.32GB 608.1s
#8 ...

#17 [context datasets] load from client
#17 ...

#11 [context datasets] load from client
#11 ...

#12 [context datasets] load from client
#12 ...

#11 [context datasets] load from client
#11 ...

#13 [context datasets] load from client
#13 ...

#11 [context datasets] load from client
#11 transferring datasets: 10.52GB 613.2s
#11 ...

#9 [context datasets] load from client
#9 ...

#11 [context datasets] load from client
#11 ...

#14 [context datasets] load from client
#14 ...

#16 [context datasets] load from client
#16 ...

#15 [context datasets] load from client
#15 ...

#11 [context datasets] load from client
#11 ...

#10 [context datasets] load from client
#10 ...

#9 [context datasets] load from client
#9 transferring datasets: 10.58GB 618.2s
#9 ...

#8 [context datasets] load from client
#8 ...

#17 [context datasets] load from client
#17 ...

#9 [context datasets] load from client
#9 ...

#12 [context datasets] load from client
#12 ...

#13 [context datasets] load from client
#13 ...

#11 [context datasets] load from client
#11 transferring datasets: 10.67GB 623.3s
#11 ...

#9 [context datasets] load from client
#9 ...

#14 [context datasets] load from client
#14 ...

#16 [context datasets] load from client
#16 ...

#15 [context datasets] load from client
#15 ...

#9 [context datasets] load from client
#9 ...

#10 [context datasets] load from client
#10 ...

#9 [context datasets] load from client
#9 transferring datasets: 10.67GB 628.4s
#9 ...

#17 [context datasets] load from client
#17 ...

#8 [context datasets] load from client
#8 ...

#9 [context datasets] load from client
#9 ...

#11 [context datasets] load from client
#11 transferring datasets: 10.74GB 630.1s done
#11 DONE 630.4s

#9 [context datasets] load from client
#9 ...

#15 [context datasets] load from client
#15 transferring datasets: 10.74GB 630.5s done
#15 DONE 630.7s

#9 [context datasets] load from client
#9 ...

#14 [context datasets] load from client
#14 transferring datasets: 10.74GB 631.3s done
#14 DONE 631.5s

#9 [context datasets] load from client
#9 ...

#13 [context datasets] load from client
#13 transferring datasets: 10.74GB 631.4s done
#13 DONE 631.6s

#9 [context datasets] load from client
#9 ...

#12 [context datasets] load from client
#12 ...

#9 [context datasets] load from client
#9 ...

#17 [context datasets] load from client
#17 transferring datasets: 10.74GB 632.5s done
#17 DONE 632.7s

#9 [context datasets] load from client
#9 ...

#8 [context datasets] load from client
#8 transferring datasets: 10.74GB 632.9s done
#8 DONE 633.0s

#9 [context datasets] load from client
#9 ...

#16 [context datasets] load from client
#16 transferring datasets: 10.74GB 633.0s done
#16 DONE 633.2s

#9 [context datasets] load from client
#9 ...

#12 [context datasets] load from client
#12 transferring datasets: 10.74GB 633.3s done
#12 DONE 633.4s

#9 [context datasets] load from client
#9 transferring datasets: 10.74GB 633.5s done
#9 DONE 633.6s

#10 [context datasets] load from client
#10 transferring datasets: 10.74GB 633.4s done
#10 DONE 633.6s

#18 [stage-0  5/11] COPY --from=datasets probe-chunk-04.bin /data/
#18 CACHED

#19 [stage-0  6/11] COPY --from=datasets probe-chunk-05.bin /data/
#19 CACHED

#20 [stage-0 10/11] COPY --from=datasets probe-chunk-09.bin /data/
#20 CACHED

#21 [stage-0  3/11] COPY --from=datasets probe-chunk-02.bin /data/
#21 CACHED

#22 [stage-0  8/11] COPY --from=datasets probe-chunk-07.bin /data/
#22 CACHED

#23 [stage-0  4/11] COPY --from=datasets probe-chunk-03.bin /data/
#23 CACHED

#24 [stage-0  7/11] COPY --from=datasets probe-chunk-06.bin /data/
#24 CACHED

#25 [stage-0  9/11] COPY --from=datasets probe-chunk-08.bin /data/
#25 CACHED

#26 [stage-0  2/11] COPY --from=datasets probe-chunk-01.bin /data/
#26 CACHED

#27 [stage-0 11/11] COPY --from=datasets probe-chunk-10.bin /data/
#27 CACHED

#28 exporting to image
#28 exporting layers
#28 exporting layers 1710.6s done
#28 exporting manifest sha256:f033e75b4bcca839c7fe982e867f86164e888bb4a1c95857f25b6eee0fc96ec1 0.1s done
#28 exporting config sha256:c993aefb58aba57e815518f06e12266227be085068a170b07d80181d81744a39 0.1s done
#28 exporting attestation manifest sha256:4ab9a49f34ebf25ec6d45b704c614c630c337b58790056d62bbf2791fbfcc173 0.1s done
#28 exporting manifest list sha256:100e79cc768442c688d647b09b3feefd3bb38fac3b6fe907320781200fae1e40
#28 exporting manifest list sha256:100e79cc768442c688d647b09b3feefd3bb38fac3b6fe907320781200fae1e40 0.1s done
#28 naming to ghcr.io/shkolnik-beep/registry-probe:g100 done
#28 unpacking to ghcr.io/shkolnik-beep/registry-probe:g100
#28 unpacking to ghcr.io/shkolnik-beep/registry-probe:g100 511.8s done
#28 DONE 2222.8s

 [33m1 warning found (use docker --debug to expand):
[0m - JSONArgsRecommended: JSON arguments recommended for CMD to prevent unintended behavior related to OS signals (line 14)
The push refers to repository [ghcr.io/shkolnik-beep/registry-probe]
e67e9d6d2a12: Waiting
5e2eebfdf8b2: Waiting
e4417e5306c3: Waiting
b05093807bb0: Waiting
25a60250bfe9: Waiting
01589a9b03d3: Waiting
7a2490d14539: Waiting
389d66087f37: Waiting
ff8fc8795e6a: Waiting
6a7aa97eedc8: Waiting
ce68b0a8d3ef: Waiting
615c4c551665: Waiting
ff8fc8795e6a: Waiting
6a7aa97eedc8: Waiting
ce68b0a8d3ef: Waiting
615c4c551665: Waiting
e67e9d6d2a12: Waiting
5e2eebfdf8b2: Waiting
e4417e5306c3: Waiting
b05093807bb0: Waiting
25a60250bfe9: Waiting
01589a9b03d3: Waiting
7a2490d14539: Waiting
389d66087f37: Waiting
25a60250bfe9: Waiting
01589a9b03d3: Waiting
7a2490d14539: Waiting
389d66087f37: Waiting
ff8fc8795e6a: Waiting
6a7aa97eedc8: Waiting
ce68b0a8d3ef: Waiting
615c4c551665: Waiting
e67e9d6d2a12: Waiting
5e2eebfdf8b2: Waiting
e4417e5306c3: Waiting
b05093807bb0: Waiting
5e2eebfdf8b2: Waiting
e4417e5306c3: Waiting
b05093807bb0: Layer already exists
25a60250bfe9: Waiting
01589a9b03d3: Waiting
7a2490d14539: Waiting
389d66087f37: Waiting
ff8fc8795e6a: Waiting
6a7aa97eedc8: Waiting
ce68b0a8d3ef: Waiting
615c4c551665: Waiting
e67e9d6d2a12: Waiting
25a60250bfe9: Waiting
5e2eebfdf8b2: Waiting
e4417e5306c3: Waiting
e4417e5306c3: Waiting
5e2eebfdf8b2: Pushed
e4417e5306c3: Pushed
ce68b0a8d3ef: Pushed
e67e9d6d2a12: Pushed
01589a9b03d3: Pushed
ff8fc8795e6a: Pushed
615c4c551665: Pushed
6a7aa97eedc8: Pushed
25a60250bfe9: Pushed
7a2490d14539: Pushed
389d66087f37: Pushed
g100: digest: sha256:100e79cc768442c688d647b09b3feefd3bb38fac3b6fe907320781200fae1e40 size: 856
[2026-08-05T21:27:17Z] g100 push rc=0
[2026-08-05T21:27:17Z] staircase g120 (12 chunks)
exists: datasets-probe/probe-chunk-01.bin
exists: datasets-probe/probe-chunk-02.bin
exists: datasets-probe/probe-chunk-03.bin
exists: datasets-probe/probe-chunk-04.bin
exists: datasets-probe/probe-chunk-05.bin
exists: datasets-probe/probe-chunk-06.bin
exists: datasets-probe/probe-chunk-07.bin
exists: datasets-probe/probe-chunk-08.bin
exists: datasets-probe/probe-chunk-09.bin
exists: datasets-probe/probe-chunk-10.bin
exists: datasets-probe/probe-chunk-11.bin
exists: datasets-probe/probe-chunk-12.bin
wrote images/probe/synthetic/Dockerfile.generated (12 COPY lines)
#0 building with "default" instance using docker driver

#1 [internal] load build definition from Dockerfile.generated
#1 transferring dockerfile: 759B done
#1 DONE 0.0s

#2 resolve image config for docker-image://docker.io/docker/dockerfile:1
#2 DONE 0.3s

#3 docker-image://docker.io/docker/dockerfile:1@sha256:87999aa3d42bdc6bea60565083ee17e86d1f3339802f543c0d03998580f9cb89
#3 resolve docker.io/docker/dockerfile:1@sha256:87999aa3d42bdc6bea60565083ee17e86d1f3339802f543c0d03998580f9cb89 0.0s done
#3 CACHED

#4 [context datasets] load .dockerignore
#4 transferring datasets: 2B done
#4 DONE 0.0s

#5 [internal] load metadata for docker.io/library/busybox:latest
#5 DONE 0.2s

#6 [internal] load .dockerignore
#6 transferring context: 2B done
#6 DONE 0.0s

#7 [stage-0  1/13] FROM docker.io/library/busybox:latest@sha256:dc2d74b28e4cf8984fa52af1f39bc7c3d9c73760b41a74d629f5d11b1ab28616
#7 resolve docker.io/library/busybox:latest@sha256:dc2d74b28e4cf8984fa52af1f39bc7c3d9c73760b41a74d629f5d11b1ab28616 0.0s done
#7 DONE 0.0s

#8 [context datasets] load from client
#8 transferring datasets: 43B done
#8 DONE 0.0s

#9 [context datasets] load from client
#9 transferring datasets: 197.10MB 5.0s
#9 ...

#10 [context datasets] load from client
#10 ...

#9 [context datasets] load from client
#9 ...

#11 [context datasets] load from client
#11 transferring datasets: 400.86MB 10.1s
#11 ...

#12 [context datasets] load from client
#12 ...

#13 [context datasets] load from client
#13 ...

#14 [context datasets] load from client
#14 ...

#15 [context datasets] load from client
#15 ...

#16 [context datasets] load from client
#16 ...

#17 [context datasets] load from client
#17 ...

#18 [context datasets] load from client
#18 ...

#19 [context datasets] load from client
#19 ...

#18 [context datasets] load from client
#18 transferring datasets: 536.90MB 15.2s
#18 ...

#10 [context datasets] load from client
#10 ...

#18 [context datasets] load from client
#18 ...

#17 [context datasets] load from client
#17 CANCELED

#19 [context datasets] load from client
#19 CANCELED

#16 [context datasets] load from client
#16 CANCELED

#11 [context datasets] load from client
#11 CANCELED

#13 [context datasets] load from client
#13 CANCELED

#14 [context datasets] load from client
#14 transferring datasets: 631.42MB 19.9s done
#14 CANCELED

#10 [context datasets] load from client
#10 CANCELED

#9 [context datasets] load from client
#9 transferring datasets: 632.60MB 19.9s done
#9 CANCELED

#18 [context datasets] load from client
#18 CANCELED

#12 [context datasets] load from client
#12 CANCELED

#15 [context datasets] load from client
#15 transferring datasets: 626.48MB 19.8s done
#15 CANCELED

 [33m1 warning found (use docker --debug to expand):
[0m - JSONArgsRecommended: JSON arguments recommended for CMD to prevent unintended behavior related to OS signals (line 16)
ERROR: failed to build: failed to solve: Canceled: context canceled
[2026-08-05T21:27:38Z] g120 push rc=130
STAIRCASE STOPPED at g120
